{"stats":{"minecraft:used":{"minecraft:stone_sword":7,"minecraft:melon_slice":6,"minecraft:stone_pickaxe":37,"minecraft:blackstone":1,"minecraft:wooden_pickaxe":3,"minecraft:stone_axe":14,"minecraft:dirt":8,"minecraft:sand":1,"minecraft:cobblestone":3,"minecraft:crafting_table":1},"minecraft:dropped":{"minecraft:dirt":4,"minecraft:acacia_sapling":1,"minecraft:wooden_pickaxe":2},"minecraft:killed_by":{"minecraft:skeleton":3},"minecraft:picked_up":{"minecraft:stick":3,"minecraft:crafting_table":2,"minecraft:wooden_pickaxe":1,"minecraft:acacia_log":8,"minecraft:sand":1,"minecraft:gunpowder":6,"minecraft:dirt":12,"minecraft:blackstone":4,"minecraft:stone_sword":2,"minecraft:acacia_planks":21,"minecraft:stone_axe":1,"minecraft:stone_pickaxe":1,"minecraft:melon_slice":21,"minecraft:acacia_sapling":1,"minecraft:cobblestone":36},"minecraft:killed":{"minecraft:creeper":1},"minecraft:crafted":{"minecraft:crafting_table":1,"minecraft:stick":8,"minecraft:wooden_pickaxe":1,"minecraft:stone_pickaxe":1,"minecraft:stone_sword":1,"minecraft:acacia_planks":32,"minecraft:stone_axe":1},"minecraft:mined":{"minecraft:acacia_leaves":2,"minecraft:blackstone":4,"minecraft:crafting_table":1,"minecraft:grass":7,"minecraft:acacia_log":8,"minecraft:grass_block":2,"minecraft:melon":5,"minecraft:sand":1,"minecraft:dirt":10,"minecraft:stone":36,"minecraft:oak_leaves":2},"minecraft:custom":{"minecraft:time_since_rest":1355,"minecraft:sprint_one_cm":41806,"minecraft:damage_taken":1170,"minecraft:walk_one_cm":22599,"minecraft:mob_kills":1,"minecraft:drop":4,"minecraft:damage_dealt":435,"minecraft:swim_one_cm":46270,"minecraft:interact_with_crafting_table":4,"minecraft:fly_one_cm":97165,"minecraft:open_chest":1,"minecraft:crouch_one_cm":631,"minecraft:play_time":20273,"minecraft:deaths":4,"minecraft:sneak_time":420,"minecraft:walk_under_water_one_cm":9945,"minecraft:jump":442,"minecraft:leave_game":4,"minecraft:walk_on_water_one_cm":9093,"minecraft:time_since_death":6363,"minecraft:sleep_in_bed":1,"minecraft:climb_one_cm":105,"minecraft:total_world_time":20273,"minecraft:fall_one_cm":12411}},"DataVersion":3465}