{"stats":{"minecraft:killed":{"minecraft:sheep":1},"minecraft:crafted":{"minecraft:oak_planks":24,"minecraft:crafting_table":1,"minecraft:stick":4,"minecraft:stone_pickaxe":1,"minecraft:wooden_pickaxe":1},"minecraft:mined":{"minecraft:grass":3,"minecraft:coal_ore":5,"minecraft:oak_log":6,"minecraft:stone":8,"minecraft:oak_leaves":2},"minecraft:dropped":{"minecraft:wooden_pickaxe":1},"minecraft:custom":{"minecraft:time_since_rest":6584,"minecraft:crouch_one_cm":2080,"minecraft:play_time":6584,"minecraft:sprint_one_cm":8441,"minecraft:damage_taken":60,"minecraft:walk_one_cm":4253,"minecraft:sneak_time":855,"minecraft:mob_kills":1,"minecraft:drop":1,"minecraft:jump":96,"minecraft:damage_dealt":80,"minecraft:leave_game":1,"minecraft:time_since_death":6584,"minecraft:total_world_time":6584,"minecraft:interact_with_crafting_table":3,"minecraft:fall_one_cm":3350,"minecraft:fly_one_cm":11890},"minecraft:picked_up":{"minecraft:wooden_pickaxe":1,"minecraft:oak_log":6,"minecraft:mutton":2,"minecraft:coal":5,"minecraft:white_wool":1,"minecraft:cobblestone":8},"minecraft:used":{"minecraft:crafting_table":1,"minecraft:wooden_pickaxe":23}},"DataVersion":3465}