{"stats":{"minecraft:killed":{"minecraft:pig":1,"minecraft:creeper":1,"minecraft:sheep":4,"minecraft:skeleton":2,"minecraft:zombie":3,"minecraft:cow":6},"minecraft:killed_by":{"minecraft:skeleton":5,"minecraft:creeper":1,"minecraft:zombie":1},"minecraft:mined":{"minecraft:tuff":3,"minecraft:crafting_table":6,"minecraft:granite":2,"minecraft:grass_block":1,"minecraft:chest":1,"minecraft:cobblestone":2,"minecraft:tall_grass":14,"minecraft:deepslate_gold_ore":6,"minecraft:hay_block":8,"minecraft:furnace":6,"minecraft:iron_ore":11,"minecraft:lilac":1,"minecraft:deepslate_lapis_ore":1,"minecraft:grass":51,"minecraft:bookshelf":4,"minecraft:oak_log":11,"minecraft:coal_ore":9,"minecraft:deepslate_iron_ore":13,"minecraft:gravel":18,"minecraft:dirt":4,"minecraft:stone":18,"minecraft:deepslate":8,"minecraft:oak_leaves":4},"minecraft:crafted":{"minecraft:cooked_beef":12,"minecraft:oak_planks":24,"minecraft:crafting_table":1,"minecraft:wooden_pickaxe":1,"minecraft:baked_potato":4,"minecraft:furnace":1,"minecraft:bucket":1,"minecraft:stone_axe":1,"minecraft:bread":24,"minecraft:cooked_mutton":4,"minecraft:air":0,"minecraft:flint_and_steel":1,"minecraft:bow":1,"minecraft:shield":1,"minecraft:iron_axe":1,"minecraft:stick":12,"minecraft:iron_ingot":12,"minecraft:iron_pickaxe":1,"minecraft:stone_pickaxe":1,"minecraft:white_bed":1,"minecraft:wheat":72},"minecraft:custom":{"minecraft:interact_with_furnace":30,"minecraft:mob_kills":17,"minecraft:interact_with_crafting_table":24,"minecraft:bell_ring":1,"minecraft:leave_game":1,"minecraft:time_since_death":828,"minecraft:sleep_in_bed":2,"minecraft:time_since_rest":852,"minecraft:sprint_one_cm":94764,"minecraft:damage_taken":3306,"minecraft:walk_one_cm":77473,"minecraft:drop":4,"minecraft:damage_dealt":2805,"minecraft:swim_one_cm":626,"minecraft:player_kills":1,"minecraft:fly_one_cm":285490,"minecraft:open_chest":2,"minecraft:crouch_one_cm":7906,"minecraft:play_time":53531,"minecraft:deaths":7,"minecraft:sneak_time":3729,"minecraft:walk_under_water_one_cm":1608,"minecraft:jump":1494,"minecraft:walk_on_water_one_cm":4161,"minecraft:total_world_time":53531,"minecraft:fall_one_cm":57829},"minecraft:dropped":{"minecraft:water_bucket":1,"minecraft:wheat_seeds":1,"minecraft:dirt":5,"minecraft:wooden_pickaxe":1},"minecraft:picked_up":{"minecraft:crafting_table":10,"minecraft:lilac":4,"minecraft:glow_ink_sac":4,"minecraft:leather":9,"minecraft:wooden_pickaxe":1,"minecraft:potato":32,"minecraft:flint":1,"minecraft:tuff":6,"minecraft:oak_log":11,"minecraft:lapis_lazuli":16,"minecraft:dirt":11,"minecraft:iron_axe":5,"minecraft:flint_and_steel":2,"minecraft:bone":6,"minecraft:bow":5,"minecraft:wheat_seeds":24,"minecraft:cobbled_deepslate":8,"minecraft:raw_gold":18,"minecraft:iron_ingot":1,"minecraft:beef":15,"artifacts:whoopee_cushion":6,"minecraft:stone_pickaxe":4,"minecraft:iron_pickaxe":4,"minecraft:chest":3,"minecraft:oak_planks":26,"minecraft:furnace":10,"minecraft:book":36,"minecraft:stick":6,"minecraft:raw_iron":35,"minecraft:dandelion":6,"minecraft:gravel":17,"minecraft:porkchop":1,"minecraft:arrow":2,"minecraft:rotten_flesh":4,"minecraft:stone_axe":3,"minecraft:hay_block":8,"minecraft:granite":2,"minecraft:bread":101,"minecraft:mutton":15,"minecraft:coal":38,"minecraft:white_wool":9,"minecraft:cobblestone":32},"minecraft:used":{"minecraft:cooked_mutton":4,"minecraft:flint_and_steel":1,"minecraft:stone_pickaxe":37,"minecraft:baked_potato":4,"minecraft:wooden_pickaxe":23,"minecraft:dirt":5,"minecraft:mutton":1,"minecraft:crafting_table":5,"minecraft:white_bed":1,"minecraft:granite":2,"minecraft:iron_axe":19,"minecraft:bread":6,"minecraft:iron_pickaxe":41,"minecraft:gravel":17,"minecraft:stone_axe":75,"minecraft:cobblestone":9,"minecraft:bow":1,"minecraft:beef":1,"minecraft:furnace":6,"minecraft:bucket":1,"minecraft:cooked_beef":4,"minecraft:potato":8}},"DataVersion":3465}