{"stats":{"minecraft:used":{"minecraft:chest":3,"minecraft:shield":66,"minecraft:iron_sword":66,"minecraft:cooked_salmon":4,"minecraft:rotten_flesh":1,"minecraft:netherrack":141,"minecraft:iron_chestplate":1,"minecraft:oak_door":7,"minecraft:torch":23,"minecraft:dirt":16,"minecraft:warped_wart_block":1,"minecraft:twisting_vines":1,"minecraft:iron_helmet":1,"minecraft:sweet_berries":5,"minecraft:furnace":3,"minecraft:egg":1,"minecraft:cooked_beef":4,"minecraft:potato":5,"minecraft:golden_boots":1,"minecraft:calcite":2,"minecraft:cooked_mutton":1,"minecraft:birch_planks":1,"minecraft:stone_pickaxe":132,"minecraft:wooden_pickaxe":19,"minecraft:warped_roots":4,"minecraft:glow_berries":4,"minecraft:golden_apple":1,"minecraft:sand":1,"minecraft:crafting_table":8,"minecraft:white_bed":2,"minecraft:melon_slice":32,"minecraft:bread":11,"minecraft:iron_pickaxe":304,"minecraft:stone_axe":135,"minecraft:cobblestone":59,"minecraft:cooked_porkchop":6},"minecraft:dropped":{"minecraft:iron_sword":1,"minecraft:cobblestone":5,"minecraft:heart_of_the_sea":2,"minecraft:string":2,"minecraft:bone":2,"minecraft:stone_axe":1,"minecraft:moss_carpet":1,"minecraft:rotten_flesh":6,"minecraft:carrot":1,"minecraft:oak_sapling":1,"minecraft:calcite":3},"minecraft:killed_by":{"minecraft:player":1,"minecraft:zombified_piglin":1,"minecraft:skeleton":2,"minecraft:blaze":1,"minecraft:zombie":1},"minecraft:picked_up":{"minecraft:cocoa_beans":21,"minecraft:iron_chestplate":1,"minecraft:crafting_table":4,"minecraft:clay_ball":52,"minecraft:brown_mushroom":1,"minecraft:wooden_pickaxe":7,"minecraft:shield":2,"minecraft:amethyst_block":18,"minecraft:iron_leggings":1,"minecraft:string":7,"minecraft:moss_carpet":1,"minecraft:cooked_salmon":12,"minecraft:raw_copper":2,"minecraft:gold_nugget":33,"minecraft:beef":10,"minecraft:calcite":5,"minecraft:iron_pickaxe":1,"minecraft:melon_slice":76,"minecraft:sugar_cane":2,"minecraft:iron_boots":1,"minecraft:egg":2,"minecraft:furnace":1,"minecraft:raw_iron":63,"minecraft:stick":15,"minecraft:oak_door":1,"minecraft:torch":23,"minecraft:acacia_log":5,"minecraft:porkchop":12,"minecraft:carrot":2,"minecraft:tnt":3,"minecraft:arrow":19,"minecraft:rotten_flesh":7,"minecraft:nether_bricks":4,"minecraft:gold_ingot":10,"minecraft:blaze_rod":2,"minecraft:glow_berries":5,"minecraft:mutton":22,"minecraft:white_wool":4,"minecraft:cobblestone":127,"minecraft:birch_log":5,"minecraft:leather_chestplate":2,"minecraft:cooked_beef":1,"minecraft:salmon":8,"minecraft:leather":48,"minecraft:red_mushroom":2,"minecraft:potato":15,"minecraft:oak_log":63,"minecraft:acacia_boat":1,"minecraft:lapis_lazuli":3,"minecraft:dirt":31,"minecraft:paper":30,"minecraft:twisting_vines":3,"minecraft:cooked_mutton":1,"minecraft:bone":9,"minecraft:acacia_planks":20,"minecraft:heart_of_the_sea":3,"minecraft:iron_ingot":12,"minecraft:stone_pickaxe":5,"minecraft:bamboo":67,"minecraft:moss_block":6,"minecraft:iron_sword":3,"minecraft:oak_planks":86,"minecraft:warped_fungus":1,"minecraft:smooth_basalt":3,"minecraft:cooked_porkchop":6,"minecraft:pumpkin":2,"minecraft:sweet_berries":15,"minecraft:warped_wart_block":3,"minecraft:quartz":14,"minecraft:gravel":3,"minecraft:sand":1,"minecraft:amethyst_shard":4,"minecraft:white_bed":4,"minecraft:dark_oak_log":42,"minecraft:spider_eye":3,"minecraft:stone_axe":7,"minecraft:warped_roots":8,"minecraft:bread":33,"minecraft:emerald":36,"minecraft:oak_sapling":5,"minecraft:warped_nylium":2,"minecraft:netherrack":160,"minecraft:coal":31,"minecraft:ender_pearl":1},"minecraft:broken":{"minecraft:stone_pickaxe":1,"minecraft:shield":1,"minecraft:stone_axe":1},"minecraft:killed":{"minecraft:cave_spider":1,"minecraft:witch":1,"minecraft:spider":2,"minecraft:skeleton":6,"minecraft:pig":5,"minecraft:salmon":4,"minecraft:creeper":1,"minecraft:sheep":4,"minecraft:zombie":2,"minecraft:wither_skeleton":5,"minecraft:player":1,"minecraft:blaze":3,"minecraft:enderman":3,"minecraft:cow":4},"minecraft:crafted":{"minecraft:oak_door":6,"minecraft:oak_planks":84,"minecraft:furnace":2,"minecraft:cooked_mutton":1,"minecraft:iron_boots":1,"minecraft:stone_pickaxe":2,"minecraft:chest":3,"minecraft:golden_boots":1,"minecraft:cooked_beef":9,"minecraft:crafting_table":4,"minecraft:wooden_pickaxe":1,"minecraft:iron_helmet":1,"minecraft:iron_sword":1,"minecraft:birch_planks":20,"minecraft:stone_axe":2,"minecraft:air":0,"minecraft:iron_chestplate":1,"minecraft:shield":2,"minecraft:stick":24,"minecraft:iron_ingot":49,"minecraft:iron_pickaxe":3,"minecraft:iron_leggings":1,"minecraft:white_bed":1,"minecraft:acacia_planks":20,"minecraft:torch":28},"minecraft:mined":{"minecraft:nether_gold_ore":8,"minecraft:white_bed":1,"minecraft:dark_oak_leaves":1,"minecraft:dark_oak_log":15,"minecraft:jungle_leaves":1,"minecraft:nether_bricks":4,"minecraft:acacia_log":5,"minecraft:grass_block":3,"minecraft:moss_block":6,"minecraft:large_fern":2,"minecraft:furnace":1,"minecraft:nether_sprouts":2,"minecraft:iron_ore":50,"minecraft:fire":4,"minecraft:twisting_vines":2,"minecraft:bamboo":10,"minecraft:stone":135,"minecraft:acacia_leaves":1,"minecraft:twisting_vines_plant":2,"minecraft:amethyst_cluster":1,"minecraft:crafting_table":4,"minecraft:clay":3,"minecraft:calcite":3,"minecraft:melon":2,"minecraft:warped_roots":5,"minecraft:cobblestone":1,"minecraft:nether_quartz_ore":14,"minecraft:tall_grass":1,"minecraft:copper_ore":1,"minecraft:oak_planks":1,"minecraft:wall_torch":1,"minecraft:amethyst_block":6,"minecraft:warped_wart_block":3,"minecraft:warped_nylium":27,"minecraft:birch_log":5,"minecraft:grass":9,"minecraft:coal_ore":26,"minecraft:oak_log":21,"minecraft:gravel":6,"minecraft:sand":1,"minecraft:dirt":3,"minecraft:smooth_basalt":3,"minecraft:small_dripleaf":1,"minecraft:netherrack":141,"minecraft:oak_leaves":2},"minecraft:custom":{"minecraft:mob_kills":42,"minecraft:interact_with_crafting_table":41,"minecraft:time_since_death":4477,"minecraft:climb_one_cm":5683,"minecraft:sprint_one_cm":288196,"minecraft:walk_one_cm":233852,"minecraft:damage_blocked_by_shield":4500,"minecraft:drop":18,"minecraft:play_time":151647,"minecraft:deaths":6,"minecraft:sneak_time":6479,"minecraft:walk_under_water_one_cm":7578,"minecraft:jump":1925,"minecraft:walk_on_water_one_cm":12380,"minecraft:total_world_time":151647,"minecraft:interact_with_furnace":33,"minecraft:sleep_in_bed":1,"minecraft:time_since_rest":4503,"minecraft:damage_taken":4003,"minecraft:damage_absorbed":40,"minecraft:damage_dealt":7007,"minecraft:player_kills":1,"minecraft:swim_one_cm":3391,"minecraft:fly_one_cm":252733,"minecraft:open_chest":18,"minecraft:crouch_one_cm":16074,"minecraft:fall_one_cm":43907}},"DataVersion":3465}