{"stats":{"minecraft:killed":{"minecraft:skeleton":2,"minecraft:chicken":1,"minecraft:pig":4,"minecraft:zombie_villager":3,"minecraft:creeper":1,"minecraft:sheep":4,"minecraft:zombie":3,"minecraft:cow":6,"minecraft:enderman":1},"minecraft:killed_by":{"minecraft:zombie_villager":1,"minecraft:player":1,"minecraft:creeper":1,"minecraft:enderman":1,"minecraft:skeleton":8,"minecraft:zombie":1},"minecraft:crafted":{"minecraft:oak_planks":56,"minecraft:furnace":3,"minecraft:cooked_mutton":4,"minecraft:flint_and_steel":1,"minecraft:bow":1,"minecraft:iron_boots":1,"minecraft:iron_axe":1,"minecraft:stone_pickaxe":3,"minecraft:wheat":72,"minecraft:cooked_beef":12,"minecraft:cooked_porkchop":3,"minecraft:crafting_table":3,"minecraft:wooden_pickaxe":2,"minecraft:baked_potato":13,"minecraft:iron_helmet":1,"minecraft:fletching_table":1,"minecraft:bucket":1,"minecraft:birch_planks":8,"minecraft:stone_axe":1,"minecraft:bread":24,"minecraft:air":0,"minecraft:shield":2,"minecraft:stick":24,"minecraft:iron_pickaxe":2,"minecraft:iron_ingot":32,"minecraft:iron_leggings":1,"minecraft:white_bed":1,"minecraft:torch":16},"minecraft:mined":{"minecraft:tuff":3,"minecraft:granite":2,"minecraft:grass_block":15,"minecraft:hay_block":8,"minecraft:furnace":9,"minecraft:iron_ore":37,"minecraft:andesite":3,"minecraft:deepslate_lapis_ore":1,"minecraft:bookshelf":17,"minecraft:deepslate_iron_ore":13,"minecraft:dirt_path":5,"minecraft:stone":46,"minecraft:glass_pane":1,"minecraft:crafting_table":9,"minecraft:note_block":1,"minecraft:chest":1,"minecraft:tall_grass":14,"minecraft:cobblestone":22,"minecraft:slime_block":1,"minecraft:deepslate_gold_ore":6,"minecraft:sugar_cane":7,"minecraft:oak_planks":4,"minecraft:birch_log":2,"minecraft:lilac":1,"minecraft:yellow_bed":3,"minecraft:grass":74,"minecraft:oak_log":19,"minecraft:coal_ore":21,"minecraft:gravel":40,"minecraft:flower_pot":1,"minecraft:dirt":74,"minecraft:gray_carpet":1,"minecraft:oak_leaves":4,"minecraft:deepslate":8},"minecraft:custom":{"minecraft:mob_kills":25,"minecraft:interact_with_crafting_table":49,"minecraft:open_barrel":1,"minecraft:bell_ring":1,"minecraft:leave_game":3,"minecraft:time_since_death":21369,"minecraft:sprint_one_cm":214544,"minecraft:walk_one_cm":159934,"minecraft:drop":8,"minecraft:play_noteblock":1,"minecraft:talked_to_villager":5,"minecraft:play_time":103670,"minecraft:deaths":14,"minecraft:sneak_time":7817,"minecraft:walk_under_water_one_cm":2999,"minecraft:jump":2762,"minecraft:walk_on_water_one_cm":16556,"minecraft:total_world_time":103670,"minecraft:interact_with_furnace":55,"minecraft:sleep_in_bed":3,"minecraft:time_since_rest":13154,"minecraft:damage_taken":5717,"minecraft:damage_dealt":3940,"minecraft:swim_one_cm":6958,"minecraft:fly_one_cm":528272,"minecraft:player_kills":1,"minecraft:open_chest":18,"minecraft:crouch_one_cm":17167,"minecraft:interact_with_smoker":3,"minecraft:fall_one_cm":97873},"minecraft:dropped":{"minecraft:water_bucket":1,"minecraft:wheat_seeds":1,"minecraft:dirt":5,"minecraft:tripwire_hook":5,"minecraft:wooden_pickaxe":1,"minecraft:stone_pickaxe":1},"minecraft:picked_up":{"minecraft:crafting_table":14,"minecraft:chicken":1,"minecraft:flower_pot":3,"minecraft:wooden_pickaxe":2,"minecraft:iron_axe":5,"minecraft:flint_and_steel":2,"minecraft:cobbled_deepslate":8,"minecraft:beef":15,"minecraft:iron_pickaxe":4,"minecraft:enchanted_golden_apple":1,"minecraft:sugar_cane":13,"minecraft:chest":3,"minecraft:furnace":13,"minecraft:stick":8,"minecraft:raw_iron":87,"minecraft:torch":13,"minecraft:note_block":2,"minecraft:porkchop":6,"minecraft:rotten_flesh":5,"minecraft:arrow":2,"minecraft:hay_block":8,"minecraft:mutton":15,"minecraft:cobblestone":84,"minecraft:white_wool":9,"minecraft:birch_log":3,"minecraft:feather":1,"minecraft:lilac":4,"minecraft:glow_ink_sac":4,"minecraft:tripwire_hook":1,"minecraft:andesite":4,"minecraft:leather":9,"minecraft:potato":34,"minecraft:birch_planks":4,"minecraft:flint":3,"minecraft:tuff":6,"minecraft:oak_log":19,"minecraft:yellow_bed":3,"minecraft:dirt":101,"minecraft:lapis_lazuli":16,"minecraft:lantern":8,"minecraft:leather_boots":2,"minecraft:bone":6,"minecraft:gray_carpet":2,"minecraft:bow":5,"minecraft:wheat_seeds":25,"minecraft:raw_gold":18,"minecraft:stone_pickaxe":5,"artifacts:whoopee_cushion":6,"minecraft:iron_ingot":2,"minecraft:oak_planks":49,"minecraft:book":75,"minecraft:dandelion":6,"minecraft:gravel":36,"minecraft:leather_helmet":1,"minecraft:stone_axe":3,"minecraft:slime_block":1,"minecraft:granite":2,"minecraft:golden_apple":1,"minecraft:bread":101,"minecraft:chainmail_helmet":1,"minecraft:coal":65,"minecraft:ender_pearl":1},"minecraft:used":{"minecraft:flint_and_steel":1,"minecraft:cooked_salmon":5,"minecraft:torch":2,"minecraft:dirt":53,"minecraft:mutton":1,"minecraft:granite":2,"minecraft:iron_axe":19,"minecraft:iron_helmet":1,"minecraft:iron_boots":1,"minecraft:bow":1,"minecraft:beef":1,"minecraft:furnace":10,"minecraft:cooked_beef":4,"minecraft:potato":15,"minecraft:iron_leggings":1,"minecraft:cooked_mutton":6,"minecraft:gray_carpet":1,"minecraft:stone_pickaxe":152,"minecraft:baked_potato":4,"minecraft:oak_planks":17,"minecraft:wooden_pickaxe":40,"minecraft:leather_boots":3,"minecraft:fletching_table":1,"minecraft:crafting_table":9,"minecraft:white_bed":1,"minecraft:lingering_potion":1,"minecraft:flower_pot":1,"minecraft:bread":6,"minecraft:iron_pickaxe":53,"minecraft:gravel":36,"minecraft:stone_axe":75,"minecraft:cobblestone":20,"minecraft:cooked_porkchop":2,"minecraft:andesite":3,"minecraft:bucket":1,"minecraft:yellow_bed":2}},"DataVersion":3465}