{"stats":{"minecraft:killed":{"minecraft:pig":1,"minecraft:sheep":4,"minecraft:skeleton":2,"minecraft:zombie":1,"minecraft:cow":6},"minecraft:mined":{"minecraft:crafting_table":5,"minecraft:granite":2,"minecraft:grass_block":1,"minecraft:chest":1,"minecraft:tall_grass":8,"minecraft:hay_block":8,"minecraft:furnace":5,"minecraft:iron_ore":11,"minecraft:grass":26,"minecraft:bookshelf":4,"minecraft:oak_log":6,"minecraft:coal_ore":9,"minecraft:gravel":18,"minecraft:dirt":4,"minecraft:stone":18,"minecraft:oak_leaves":2},"minecraft:crafted":{"minecraft:cooked_beef":12,"minecraft:oak_planks":24,"minecraft:crafting_table":1,"minecraft:wooden_pickaxe":1,"minecraft:baked_potato":4,"minecraft:furnace":1,"minecraft:bucket":1,"minecraft:stone_axe":1,"minecraft:bread":24,"minecraft:cooked_mutton":4,"minecraft:air":0,"minecraft:flint_and_steel":1,"minecraft:bow":1,"minecraft:stick":8,"minecraft:iron_ingot":11,"minecraft:iron_pickaxe":1,"minecraft:stone_pickaxe":1,"minecraft:white_bed":1,"minecraft:wheat":72},"minecraft:custom":{"minecraft:interact_with_furnace":28,"minecraft:mob_kills":14,"minecraft:interact_with_crafting_table":19,"minecraft:bell_ring":1,"minecraft:leave_game":1,"minecraft:time_since_death":29531,"minecraft:time_since_rest":29531,"minecraft:sprint_one_cm":52154,"minecraft:damage_taken":624,"minecraft:walk_one_cm":41830,"minecraft:drop":3,"minecraft:damage_dealt":1899,"minecraft:fly_one_cm":163517,"minecraft:open_chest":2,"minecraft:crouch_one_cm":5845,"minecraft:play_time":29531,"minecraft:sneak_time":2482,"minecraft:jump":815,"minecraft:walk_on_water_one_cm":339,"minecraft:total_world_time":29531,"minecraft:fall_one_cm":26775},"minecraft:dropped":{"minecraft:water_bucket":1,"minecraft:dirt":5,"minecraft:wooden_pickaxe":1},"minecraft:picked_up":{"minecraft:crafting_table":4,"minecraft:leather":6,"minecraft:wooden_pickaxe":1,"minecraft:potato":8,"minecraft:flint":1,"minecraft:oak_log":6,"minecraft:dirt":11,"minecraft:bone":1,"minecraft:bow":2,"minecraft:wheat_seeds":2,"minecraft:beef":14,"artifacts:whoopee_cushion":1,"minecraft:chest":1,"minecraft:furnace":5,"minecraft:book":12,"minecraft:raw_iron":11,"minecraft:dandelion":1,"minecraft:gravel":17,"minecraft:porkchop":1,"minecraft:arrow":2,"minecraft:rotten_flesh":1,"minecraft:hay_block":8,"minecraft:granite":2,"minecraft:mutton":7,"minecraft:coal":30,"minecraft:white_wool":4,"minecraft:cobblestone":21},"minecraft:used":{"minecraft:cooked_mutton":4,"minecraft:flint_and_steel":1,"minecraft:stone_pickaxe":33,"minecraft:baked_potato":4,"minecraft:wooden_pickaxe":23,"minecraft:dirt":5,"minecraft:mutton":1,"minecraft:crafting_table":4,"minecraft:white_bed":1,"minecraft:granite":2,"minecraft:iron_pickaxe":5,"minecraft:gravel":17,"minecraft:stone_axe":75,"minecraft:cobblestone":4,"minecraft:bow":1,"minecraft:furnace":5,"minecraft:bucket":1,"minecraft:cooked_beef":3,"minecraft:potato":2}},"DataVersion":3465}