{"stats":{"minecraft:killed":{"minecraft:pig":1,"minecraft:zombie_villager":3,"minecraft:creeper":1,"minecraft:sheep":4,"minecraft:skeleton":2,"minecraft:zombie":3,"minecraft:cow":6},"minecraft:killed_by":{"minecraft:zombie_villager":1,"minecraft:player":1,"minecraft:skeleton":6,"minecraft:creeper":1,"minecraft:zombie":1},"minecraft:mined":{"minecraft:tuff":3,"minecraft:note_block":1,"minecraft:crafting_table":6,"minecraft:granite":2,"minecraft:grass_block":1,"minecraft:chest":1,"minecraft:cobblestone":2,"minecraft:tall_grass":14,"minecraft:slime_block":1,"minecraft:deepslate_gold_ore":6,"minecraft:oak_planks":4,"minecraft:hay_block":8,"minecraft:furnace":6,"minecraft:iron_ore":11,"minecraft:lilac":1,"minecraft:yellow_bed":1,"minecraft:deepslate_lapis_ore":1,"minecraft:grass":51,"minecraft:bookshelf":17,"minecraft:oak_log":17,"minecraft:coal_ore":9,"minecraft:deepslate_iron_ore":13,"minecraft:flower_pot":1,"minecraft:gravel":18,"minecraft:dirt":4,"minecraft:gray_carpet":1,"minecraft:stone":26,"minecraft:deepslate":8,"minecraft:oak_leaves":4},"minecraft:crafted":{"minecraft:cooked_beef":12,"minecraft:oak_planks":48,"minecraft:crafting_table":2,"minecraft:wooden_pickaxe":2,"minecraft:baked_potato":4,"minecraft:furnace":1,"minecraft:bucket":1,"minecraft:stone_axe":1,"minecraft:bread":24,"minecraft:cooked_mutton":4,"minecraft:air":0,"minecraft:flint_and_steel":1,"minecraft:bow":1,"minecraft:shield":1,"minecraft:iron_axe":1,"minecraft:stick":16,"minecraft:iron_ingot":12,"minecraft:iron_pickaxe":1,"minecraft:stone_pickaxe":1,"minecraft:white_bed":1,"minecraft:wheat":72},"minecraft:custom":{"minecraft:interact_with_furnace":31,"minecraft:mob_kills":20,"minecraft:interact_with_crafting_table":26,"minecraft:open_barrel":1,"minecraft:bell_ring":1,"minecraft:leave_game":1,"minecraft:time_since_death":7907,"minecraft:sleep_in_bed":2,"minecraft:time_since_rest":7944,"minecraft:sprint_one_cm":131319,"minecraft:damage_taken":4167,"minecraft:walk_one_cm":102523,"minecraft:drop":7,"minecraft:damage_dealt":3013,"minecraft:play_noteblock":1,"minecraft:swim_one_cm":5930,"minecraft:player_kills":1,"minecraft:fly_one_cm":356301,"minecraft:open_chest":10,"minecraft:crouch_one_cm":9476,"minecraft:play_time":65531,"minecraft:deaths":10,"minecraft:sneak_time":4685,"minecraft:walk_under_water_one_cm":2888,"minecraft:jump":1847,"minecraft:walk_on_water_one_cm":8576,"minecraft:total_world_time":65531,"minecraft:fall_one_cm":69009},"minecraft:dropped":{"minecraft:water_bucket":1,"minecraft:wheat_seeds":1,"minecraft:dirt":5,"minecraft:wooden_pickaxe":1,"minecraft:tripwire_hook":5},"minecraft:picked_up":{"minecraft:crafting_table":10,"minecraft:lilac":4,"minecraft:tripwire_hook":1,"minecraft:flower_pot":3,"minecraft:glow_ink_sac":4,"minecraft:leather":9,"minecraft:wooden_pickaxe":1,"minecraft:potato":34,"minecraft:flint":1,"minecraft:tuff":6,"minecraft:oak_log":17,"minecraft:yellow_bed":1,"minecraft:lapis_lazuli":16,"minecraft:dirt":11,"minecraft:lantern":8,"minecraft:iron_axe":5,"minecraft:flint_and_steel":2,"minecraft:leather_boots":2,"minecraft:bone":6,"minecraft:gray_carpet":1,"minecraft:bow":5,"minecraft:wheat_seeds":24,"minecraft:cobbled_deepslate":8,"minecraft:raw_gold":18,"minecraft:iron_ingot":1,"minecraft:beef":15,"artifacts:whoopee_cushion":6,"minecraft:stone_pickaxe":4,"minecraft:iron_pickaxe":4,"minecraft:chest":3,"minecraft:oak_planks":46,"minecraft:furnace":10,"minecraft:book":75,"minecraft:stick":6,"minecraft:raw_iron":35,"minecraft:torch":13,"minecraft:dandelion":6,"minecraft:note_block":2,"minecraft:gravel":17,"minecraft:porkchop":1,"minecraft:arrow":2,"minecraft:rotten_flesh":5,"minecraft:slime_block":1,"minecraft:stone_axe":3,"minecraft:hay_block":8,"minecraft:granite":2,"minecraft:bread":101,"minecraft:mutton":15,"minecraft:coal":38,"minecraft:white_wool":9,"minecraft:cobblestone":40},"minecraft:used":{"minecraft:cooked_mutton":4,"minecraft:flint_and_steel":1,"minecraft:stone_pickaxe":37,"minecraft:baked_potato":4,"minecraft:oak_planks":17,"minecraft:wooden_pickaxe":31,"minecraft:leather_boots":3,"minecraft:dirt":5,"minecraft:mutton":1,"minecraft:crafting_table":6,"minecraft:white_bed":1,"minecraft:lingering_potion":1,"minecraft:granite":2,"minecraft:flower_pot":1,"minecraft:iron_axe":19,"minecraft:bread":6,"minecraft:iron_pickaxe":41,"minecraft:gravel":17,"minecraft:stone_axe":75,"minecraft:cobblestone":9,"minecraft:bow":1,"minecraft:beef":1,"minecraft:furnace":6,"minecraft:bucket":1,"minecraft:yellow_bed":1,"minecraft:cooked_beef":4,"minecraft:potato":15}},"DataVersion":3465}