{"stats":{"minecraft:killed":{"minecraft:pig":1,"minecraft:creeper":1,"minecraft:sheep":4,"minecraft:skeleton":2,"minecraft:zombie":3,"minecraft:cow":6},"minecraft:killed_by":{"minecraft:skeleton":3},"minecraft:mined":{"minecraft:crafting_table":5,"minecraft:granite":2,"minecraft:grass_block":1,"minecraft:chest":1,"minecraft:tall_grass":8,"minecraft:hay_block":8,"minecraft:furnace":5,"minecraft:iron_ore":11,"minecraft:lilac":1,"minecraft:grass":41,"minecraft:bookshelf":4,"minecraft:oak_log":6,"minecraft:coal_ore":9,"minecraft:gravel":18,"minecraft:dirt":4,"minecraft:stone":18,"minecraft:oak_leaves":2},"minecraft:crafted":{"minecraft:cooked_beef":12,"minecraft:oak_planks":24,"minecraft:crafting_table":1,"minecraft:wooden_pickaxe":1,"minecraft:baked_potato":4,"minecraft:furnace":1,"minecraft:bucket":1,"minecraft:stone_axe":1,"minecraft:bread":24,"minecraft:cooked_mutton":4,"minecraft:air":0,"minecraft:flint_and_steel":1,"minecraft:bow":1,"minecraft:iron_axe":1,"minecraft:stick":12,"minecraft:iron_ingot":11,"minecraft:iron_pickaxe":1,"minecraft:stone_pickaxe":1,"minecraft:white_bed":1,"minecraft:wheat":72},"minecraft:custom":{"minecraft:interact_with_furnace":28,"minecraft:mob_kills":17,"minecraft:interact_with_crafting_table":22,"minecraft:bell_ring":1,"minecraft:leave_game":1,"minecraft:time_since_death":33,"minecraft:sleep_in_bed":2,"minecraft:time_since_rest":74,"minecraft:sprint_one_cm":69668,"minecraft:damage_taken":1631,"minecraft:walk_one_cm":60386,"minecraft:drop":3,"minecraft:damage_dealt":2795,"minecraft:swim_one_cm":626,"minecraft:player_kills":1,"minecraft:fly_one_cm":218423,"minecraft:open_chest":2,"minecraft:crouch_one_cm":6478,"minecraft:play_time":41531,"minecraft:deaths":3,"minecraft:sneak_time":2722,"minecraft:walk_under_water_one_cm":1608,"minecraft:jump":1105,"minecraft:walk_on_water_one_cm":3577,"minecraft:total_world_time":41531,"minecraft:fall_one_cm":36501},"minecraft:dropped":{"minecraft:water_bucket":1,"minecraft:dirt":5,"minecraft:wooden_pickaxe":1},"minecraft:picked_up":{"minecraft:crafting_table":7,"minecraft:lilac":2,"minecraft:leather":8,"minecraft:wooden_pickaxe":1,"minecraft:potato":14,"minecraft:flint":1,"minecraft:oak_log":6,"minecraft:dirt":11,"minecraft:iron_axe":1,"minecraft:flint_and_steel":1,"minecraft:bone":3,"minecraft:bow":4,"minecraft:wheat_seeds":11,"minecraft:beef":15,"artifacts:whoopee_cushion":3,"minecraft:stone_pickaxe":2,"minecraft:iron_pickaxe":2,"minecraft:chest":2,"minecraft:oak_planks":16,"minecraft:furnace":6,"minecraft:book":24,"minecraft:stick":4,"minecraft:raw_iron":11,"minecraft:dandelion":3,"minecraft:gravel":17,"minecraft:porkchop":1,"minecraft:arrow":2,"minecraft:rotten_flesh":3,"minecraft:stone_axe":1,"minecraft:hay_block":8,"minecraft:granite":2,"minecraft:bread":45,"minecraft:mutton":11,"minecraft:coal":34,"minecraft:white_wool":6,"minecraft:cobblestone":27},"minecraft:used":{"minecraft:cooked_mutton":4,"minecraft:flint_and_steel":1,"minecraft:stone_pickaxe":35,"minecraft:baked_potato":4,"minecraft:wooden_pickaxe":23,"minecraft:dirt":5,"minecraft:mutton":1,"minecraft:crafting_table":4,"minecraft:white_bed":1,"minecraft:granite":2,"minecraft:iron_axe":18,"minecraft:bread":3,"minecraft:iron_pickaxe":9,"minecraft:gravel":17,"minecraft:stone_axe":75,"minecraft:cobblestone":4,"minecraft:bow":1,"minecraft:beef":1,"minecraft:furnace":5,"minecraft:bucket":1,"minecraft:cooked_beef":4,"minecraft:potato":8}},"DataVersion":3465}