{"stats":{"minecraft:killed":{"minecraft:skeleton":2,"minecraft:sheep":3,"minecraft:zombie":1,"minecraft:cow":1},"minecraft:mined":{"minecraft:furnace":3,"minecraft:crafting_table":3,"minecraft:grass":9,"minecraft:bookshelf":4,"minecraft:coal_ore":9,"minecraft:oak_log":6,"minecraft:chest":1,"minecraft:tall_grass":4,"minecraft:stone":15,"minecraft:oak_leaves":2},"minecraft:crafted":{"minecraft:cooked_beef":2,"minecraft:oak_planks":24,"minecraft:bow":1,"minecraft:crafting_table":1,"minecraft:stick":8,"minecraft:baked_potato":4,"minecraft:wooden_pickaxe":1,"minecraft:stone_pickaxe":1,"minecraft:furnace":1,"minecraft:stone_axe":1,"minecraft:cooked_mutton":4,"minecraft:air":0},"minecraft:dropped":{"minecraft:wooden_pickaxe":1},"minecraft:custom":{"minecraft:time_since_rest":17531,"minecraft:interact_with_furnace":12,"minecraft:sprint_one_cm":33890,"minecraft:damage_taken":415,"minecraft:walk_one_cm":23458,"minecraft:mob_kills":7,"minecraft:drop":1,"minecraft:damage_dealt":1161,"minecraft:interact_with_crafting_table":11,"minecraft:fly_one_cm":82350,"minecraft:open_chest":2,"minecraft:crouch_one_cm":3504,"minecraft:play_time":17531,"minecraft:bell_ring":1,"minecraft:sneak_time":1472,"minecraft:jump":409,"minecraft:leave_game":1,"minecraft:time_since_death":17531,"minecraft:total_world_time":17531,"minecraft:fall_one_cm":13282},"minecraft:picked_up":{"minecraft:book":12,"minecraft:crafting_table":3,"minecraft:dandelion":1,"minecraft:wooden_pickaxe":1,"minecraft:potato":8,"minecraft:oak_log":6,"minecraft:bone":1,"minecraft:arrow":2,"minecraft:rotten_flesh":1,"minecraft:bow":2,"minecraft:wheat_seeds":1,"artifacts:whoopee_cushion":1,"minecraft:beef":2,"minecraft:chest":1,"minecraft:mutton":5,"minecraft:coal":24,"minecraft:white_wool":3,"minecraft:cobblestone":15,"minecraft:furnace":3},"minecraft:used":{"minecraft:cooked_mutton":2,"minecraft:stone_pickaxe":14,"minecraft:baked_potato":4,"minecraft:wooden_pickaxe":23,"minecraft:stone_axe":43,"minecraft:mutton":1,"minecraft:bow":1,"minecraft:crafting_table":2,"minecraft:furnace":3,"minecraft:cooked_beef":1,"minecraft:potato":2}},"DataVersion":3465}