{"stats":{"minecraft:broken":{"minecraft:stone_axe":1},"minecraft:killed":{"minecraft:pig":1,"minecraft:zombie_villager":4,"minecraft:iron_golem":1,"minecraft:spider":1,"minecraft:sheep":6,"minecraft:cow":11},"minecraft:killed_by":{"minecraft:player":2,"minecraft:skeleton":1,"minecraft:creeper":1},"minecraft:mined":{"minecraft:white_bed":1,"minecraft:dark_oak_log":1,"minecraft:polished_granite":3,"minecraft:crafting_table":9,"minecraft:granite":2,"minecraft:grass_block":5,"minecraft:tall_grass":10,"minecraft:cobblestone":4,"minecraft:oak_planks":2,"minecraft:sugar_cane":3,"minecraft:skeleton_skull":2,"minecraft:large_fern":1,"minecraft:spruce_stairs":1,"minecraft:hay_block":12,"minecraft:tall_seagrass":1,"minecraft:jungle_wood":1,"minecraft:packed_mud":1,"minecraft:furnace":2,"minecraft:birch_log":6,"minecraft:iron_ore":2,"minecraft:lilac":5,"minecraft:spruce_log":3,"minecraft:birch_leaves":2,"minecraft:tnt":3,"minecraft:wither_rose":1,"minecraft:grass":143,"minecraft:bookshelf":1,"minecraft:red_tulip":1,"minecraft:oak_log":26,"minecraft:vine":3,"minecraft:water_cauldron":4,"minecraft:dirt":9,"minecraft:stone":39},"minecraft:crafted":{"minecraft:cooked_beef":16,"minecraft:oak_planks":104,"minecraft:crafting_table":3,"minecraft:spruce_planks":8,"minecraft:wooden_pickaxe":2,"minecraft:furnace":2,"minecraft:birch_planks":20,"minecraft:stone_axe":3,"minecraft:bread":36,"minecraft:air":0,"minecraft:shield":1,"minecraft:stick":44,"minecraft:iron_ingot":2,"minecraft:stone_pickaxe":2,"minecraft:wooden_axe":2,"minecraft:white_bed":1,"minecraft:dark_oak_planks":4,"minecraft:wheat":108},"minecraft:dropped":{"minecraft:stone_axe":1,"minecraft:wheat_seeds":18,"minecraft:lilac":1,"minecraft:cobblestone":2,"minecraft:rotten_flesh":2,"minecraft:book":12,"minecraft:jungle_wood":1,"minecraft:oak_planks":8,"artifacts:whoopee_cushion":1,"minecraft:leather":1,"minecraft:coal":2,"minecraft:potato":1,"minecraft:mutton":2,"minecraft:wooden_axe":2,"minecraft:iron_axe":1,"minecraft:stone_pickaxe":1,"minecraft:wooden_pickaxe":2,"minecraft:red_tulip":1,"minecraft:dandelion":1},"minecraft:custom":{"minecraft:interact_with_furnace":18,"minecraft:mob_kills":26,"minecraft:interact_with_crafting_table":13,"minecraft:open_barrel":1,"minecraft:leave_game":3,"minecraft:time_since_death":25801,"minecraft:sleep_in_bed":2,"minecraft:climb_one_cm":576,"minecraft:time_since_rest":25825,"minecraft:sprint_one_cm":205610,"minecraft:damage_taken":2086,"minecraft:walk_one_cm":163836,"minecraft:drop":31,"minecraft:damage_dealt":4004,"minecraft:player_kills":1,"minecraft:swim_one_cm":1380,"minecraft:fly_one_cm":467653,"minecraft:open_chest":11,"minecraft:play_time":77054,"minecraft:crouch_one_cm":12677,"minecraft:sneak_time":5103,"minecraft:deaths":4,"minecraft:walk_under_water_one_cm":400,"minecraft:jump":2359,"minecraft:walk_on_water_one_cm":3376,"minecraft:total_world_time":77054,"minecraft:fall_one_cm":74053},"minecraft:picked_up":{"minecraft:birch_log":5,"minecraft:crafting_table":9,"minecraft:lilac":4,"minecraft:cooked_beef":8,"minecraft:leather":17,"minecraft:jungle_wood":1,"minecraft:potato":6,"minecraft:wither_rose":1,"minecraft:packed_mud":1,"minecraft:oak_log":26,"minecraft:dirt":12,"minecraft:polished_granite":3,"minecraft:iron_axe":1,"minecraft:cooked_mutton":3,"minecraft:wheat_seeds":19,"minecraft:comparator":1,"minecraft:iron_ingot":3,"minecraft:beef":24,"artifacts:whoopee_cushion":1,"minecraft:stone_pickaxe":1,"minecraft:poppy":1,"minecraft:sugar_cane":7,"minecraft:oak_planks":68,"minecraft:furnace":2,"minecraft:book":15,"minecraft:raw_iron":2,"minecraft:cooked_porkchop":1,"minecraft:dandelion":1,"minecraft:spruce_stairs":1,"minecraft:porkchop":4,"minecraft:white_bed":1,"minecraft:spruce_log":3,"minecraft:dark_oak_log":1,"minecraft:cauldron":4,"minecraft:tnt":3,"minecraft:arrow":1,"minecraft:rotten_flesh":8,"minecraft:stone_axe":1,"minecraft:slime_block":1,"minecraft:hay_block":12,"minecraft:red_tulip":1,"minecraft:granite":2,"minecraft:mutton":12,"minecraft:coal":2,"minecraft:skeleton_skull":2,"minecraft:white_wool":6,"minecraft:cobblestone":46},"minecraft:used":{"minecraft:cooked_mutton":1,"minecraft:stone_pickaxe":18,"minecraft:oak_planks":51,"minecraft:wooden_pickaxe":40,"minecraft:dirt":7,"minecraft:crafting_table":10,"minecraft:white_bed":2,"minecraft:wooden_axe":2,"minecraft:iron_axe":3,"minecraft:bread":17,"minecraft:slime_block":1,"minecraft:packed_mud":1,"minecraft:polished_granite":3,"minecraft:lilac":3,"minecraft:stone_axe":99,"minecraft:cobblestone":10,"minecraft:beef":1,"minecraft:furnace":2,"minecraft:porkchop":2,"minecraft:cooked_beef":2}},"DataVersion":3465}