{"stats":{"minecraft:broken":{"minecraft:stone_axe":1},"minecraft:killed":{"minecraft:zombie_villager":4,"minecraft:spider":1,"minecraft:iron_golem":1,"minecraft:sheep":6,"minecraft:cow":9},"minecraft:killed_by":{"minecraft:player":2},"minecraft:mined":{"minecraft:white_bed":1,"minecraft:polished_granite":3,"minecraft:crafting_table":6,"minecraft:granite":2,"minecraft:grass_block":2,"minecraft:tall_grass":1,"minecraft:cobblestone":3,"minecraft:sugar_cane":1,"minecraft:spruce_stairs":1,"minecraft:hay_block":12,"minecraft:jungle_wood":1,"minecraft:packed_mud":1,"minecraft:furnace":1,"minecraft:lilac":5,"minecraft:tnt":3,"minecraft:grass":57,"minecraft:bookshelf":1,"minecraft:oak_log":20,"minecraft:water_cauldron":4,"minecraft:dirt":1,"minecraft:stone":21},"minecraft:crafted":{"minecraft:cooked_beef":12,"minecraft:oak_planks":80,"minecraft:crafting_table":1,"minecraft:wooden_pickaxe":1,"minecraft:furnace":1,"minecraft:stone_axe":2,"minecraft:bread":36,"minecraft:air":0,"minecraft:shield":1,"minecraft:stick":12,"minecraft:stone_pickaxe":1,"minecraft:wooden_axe":1,"minecraft:white_bed":1,"minecraft:wheat":108},"minecraft:dropped":{"minecraft:stone_axe":1,"minecraft:wheat_seeds":8,"minecraft:lilac":1,"minecraft:cobblestone":2,"minecraft:rotten_flesh":2,"minecraft:book":12,"minecraft:jungle_wood":1,"minecraft:oak_planks":8,"artifacts:whoopee_cushion":1,"minecraft:leather":1,"minecraft:coal":2,"minecraft:potato":1,"minecraft:mutton":2,"minecraft:wooden_axe":1,"minecraft:iron_axe":1,"minecraft:stone_pickaxe":1,"minecraft:wooden_pickaxe":1,"minecraft:dandelion":1},"minecraft:custom":{"minecraft:interact_with_furnace":14,"minecraft:mob_kills":21,"minecraft:interact_with_crafting_table":9,"minecraft:open_barrel":1,"minecraft:leave_game":1,"minecraft:time_since_death":26919,"minecraft:sleep_in_bed":2,"minecraft:climb_one_cm":428,"minecraft:time_since_rest":13157,"minecraft:sprint_one_cm":120524,"minecraft:damage_taken":1326,"minecraft:walk_one_cm":76313,"minecraft:drop":25,"minecraft:damage_dealt":3633,"minecraft:swim_one_cm":1380,"minecraft:player_kills":1,"minecraft:fly_one_cm":280659,"minecraft:open_chest":11,"minecraft:crouch_one_cm":7650,"minecraft:play_time":38846,"minecraft:deaths":2,"minecraft:sneak_time":2773,"minecraft:walk_under_water_one_cm":400,"minecraft:jump":1180,"minecraft:walk_on_water_one_cm":2204,"minecraft:total_world_time":38846,"minecraft:fall_one_cm":31190},"minecraft:picked_up":{"minecraft:crafting_table":6,"minecraft:cooked_beef":8,"minecraft:lilac":4,"minecraft:leather":14,"minecraft:jungle_wood":1,"minecraft:potato":6,"minecraft:packed_mud":1,"minecraft:oak_log":20,"minecraft:dirt":2,"minecraft:polished_granite":3,"minecraft:iron_axe":1,"minecraft:cooked_mutton":3,"minecraft:wheat_seeds":8,"minecraft:comparator":1,"minecraft:beef":19,"minecraft:stone_pickaxe":1,"artifacts:whoopee_cushion":1,"minecraft:iron_ingot":3,"minecraft:poppy":1,"minecraft:sugar_cane":3,"minecraft:oak_planks":58,"minecraft:furnace":1,"minecraft:book":15,"minecraft:dandelion":1,"minecraft:spruce_stairs":1,"minecraft:porkchop":1,"minecraft:white_bed":1,"minecraft:cauldron":4,"minecraft:tnt":3,"minecraft:arrow":1,"minecraft:rotten_flesh":8,"minecraft:slime_block":1,"minecraft:stone_axe":1,"minecraft:hay_block":12,"minecraft:granite":2,"minecraft:mutton":12,"minecraft:coal":2,"minecraft:white_wool":6,"minecraft:cobblestone":27},"minecraft:used":{"minecraft:cooked_mutton":1,"minecraft:stone_pickaxe":14,"minecraft:oak_planks":17,"minecraft:wooden_pickaxe":22,"minecraft:dirt":2,"minecraft:crafting_table":6,"minecraft:white_bed":2,"minecraft:wooden_axe":1,"minecraft:iron_axe":3,"minecraft:bread":14,"minecraft:slime_block":1,"minecraft:packed_mud":1,"minecraft:polished_granite":3,"minecraft:lilac":3,"minecraft:stone_axe":89,"minecraft:cobblestone":5,"minecraft:furnace":1,"minecraft:cooked_beef":2}},"DataVersion":3465}