{"stats":{"minecraft:killed":{"minecraft:iron_golem":1,"minecraft:sheep":6,"minecraft:cow":5},"minecraft:killed_by":{"minecraft:player":2},"minecraft:mined":{"minecraft:white_bed":1,"minecraft:crafting_table":5,"minecraft:grass_block":1,"minecraft:tall_grass":1,"minecraft:cobblestone":3,"minecraft:sugar_cane":1,"minecraft:hay_block":12,"minecraft:furnace":1,"minecraft:lilac":5,"minecraft:grass":56,"minecraft:oak_log":20,"minecraft:water_cauldron":4,"minecraft:dirt":1,"minecraft:stone":21},"minecraft:crafted":{"minecraft:cooked_beef":12,"minecraft:oak_planks":80,"minecraft:crafting_table":1,"minecraft:wooden_pickaxe":1,"minecraft:furnace":1,"minecraft:stone_axe":1,"minecraft:bread":36,"minecraft:air":0,"minecraft:shield":1,"minecraft:stick":12,"minecraft:stone_pickaxe":1,"minecraft:wooden_axe":1,"minecraft:white_bed":1,"minecraft:wheat":108},"minecraft:dropped":{"minecraft:stone_axe":1,"minecraft:wheat_seeds":8,"minecraft:lilac":1,"minecraft:cobblestone":2,"minecraft:rotten_flesh":2,"minecraft:book":12,"minecraft:oak_planks":8,"artifacts:whoopee_cushion":1,"minecraft:leather":1,"minecraft:coal":2,"minecraft:potato":1,"minecraft:mutton":2,"minecraft:wooden_axe":1,"minecraft:iron_axe":1,"minecraft:stone_pickaxe":1,"minecraft:wooden_pickaxe":1,"minecraft:dandelion":1},"minecraft:custom":{"minecraft:interact_with_furnace":14,"minecraft:mob_kills":12,"minecraft:interact_with_crafting_table":8,"minecraft:leave_game":1,"minecraft:time_since_death":14919,"minecraft:sleep_in_bed":2,"minecraft:climb_one_cm":428,"minecraft:time_since_rest":1157,"minecraft:sprint_one_cm":59541,"minecraft:damage_taken":631,"minecraft:walk_one_cm":42941,"minecraft:drop":24,"minecraft:damage_dealt":2143,"minecraft:fly_one_cm":163451,"minecraft:open_chest":8,"minecraft:crouch_one_cm":6339,"minecraft:play_time":26846,"minecraft:deaths":2,"minecraft:sneak_time":2252,"minecraft:jump":657,"minecraft:walk_on_water_one_cm":220,"minecraft:total_world_time":26846,"minecraft:fall_one_cm":18309},"minecraft:picked_up":{"minecraft:crafting_table":5,"minecraft:cooked_beef":8,"minecraft:lilac":4,"minecraft:leather":10,"minecraft:potato":6,"minecraft:oak_log":20,"minecraft:dirt":1,"minecraft:iron_axe":1,"minecraft:cooked_mutton":3,"minecraft:wheat_seeds":8,"minecraft:beef":12,"minecraft:stone_pickaxe":1,"artifacts:whoopee_cushion":1,"minecraft:iron_ingot":3,"minecraft:poppy":1,"minecraft:sugar_cane":3,"minecraft:oak_planks":58,"minecraft:furnace":1,"minecraft:book":12,"minecraft:dandelion":1,"minecraft:porkchop":1,"minecraft:white_bed":1,"minecraft:cauldron":4,"minecraft:arrow":1,"minecraft:rotten_flesh":2,"minecraft:stone_axe":1,"minecraft:hay_block":12,"minecraft:mutton":12,"minecraft:coal":2,"minecraft:white_wool":6,"minecraft:cobblestone":27},"minecraft:used":{"minecraft:cooked_mutton":1,"minecraft:stone_pickaxe":8,"minecraft:wooden_pickaxe":22,"minecraft:crafting_table":5,"minecraft:white_bed":1,"minecraft:wooden_axe":1,"minecraft:iron_axe":3,"minecraft:lilac":3,"minecraft:stone_axe":47,"minecraft:cobblestone":5,"minecraft:furnace":1,"minecraft:cooked_beef":2}},"DataVersion":3465}