{"stats":{"minecraft:killed_by":{"minecraft:player":2},"minecraft:mined":{"minecraft:white_bed":1,"minecraft:lilac":5,"minecraft:crafting_table":2,"minecraft:grass":26,"minecraft:oak_log":6,"minecraft:dirt":1,"minecraft:tall_grass":1,"minecraft:stone":21},"minecraft:crafted":{"minecraft:oak_planks":24,"minecraft:crafting_table":1,"minecraft:stick":12,"minecraft:wooden_pickaxe":1,"minecraft:stone_pickaxe":1,"minecraft:wooden_axe":1,"minecraft:stone_axe":1},"minecraft:dropped":{"minecraft:potato":1,"minecraft:stone_axe":1,"minecraft:wheat_seeds":6,"minecraft:lilac":1,"minecraft:mutton":2,"minecraft:wooden_axe":1,"minecraft:rotten_flesh":2,"minecraft:cobblestone":2,"minecraft:book":12,"minecraft:oak_planks":8,"artifacts:whoopee_cushion":1,"minecraft:leather":1,"minecraft:iron_axe":1,"minecraft:wooden_pickaxe":1,"minecraft:stone_pickaxe":1,"minecraft:coal":2,"minecraft:dandelion":1},"minecraft:custom":{"minecraft:time_since_rest":2944,"minecraft:damage_taken":621,"minecraft:sprint_one_cm":22182,"minecraft:walk_one_cm":20904,"minecraft:drop":22,"minecraft:damage_dealt":384,"minecraft:interact_with_crafting_table":2,"minecraft:fly_one_cm":58843,"minecraft:crouch_one_cm":3215,"minecraft:play_time":14846,"minecraft:deaths":2,"minecraft:sneak_time":1520,"minecraft:jump":250,"minecraft:leave_game":1,"minecraft:time_since_death":2919,"minecraft:total_world_time":14846,"minecraft:fall_one_cm":7114},"minecraft:picked_up":{"minecraft:book":12,"minecraft:crafting_table":2,"minecraft:lilac":4,"minecraft:cooked_beef":8,"minecraft:leather":6,"minecraft:dandelion":1,"minecraft:potato":6,"minecraft:porkchop":1,"minecraft:oak_log":6,"minecraft:white_bed":1,"minecraft:dirt":1,"minecraft:iron_axe":1,"minecraft:cooked_mutton":3,"minecraft:arrow":1,"minecraft:rotten_flesh":2,"minecraft:stone_axe":1,"minecraft:wheat_seeds":7,"artifacts:whoopee_cushion":1,"minecraft:stone_pickaxe":1,"minecraft:coal":2,"minecraft:mutton":2,"minecraft:oak_planks":8,"minecraft:cobblestone":24},"minecraft:used":{"minecraft:wooden_axe":1,"minecraft:cooked_mutton":1,"minecraft:iron_axe":3,"minecraft:wooden_pickaxe":22,"minecraft:lilac":3,"minecraft:stone_axe":1,"minecraft:crafting_table":2,"minecraft:white_bed":1}},"DataVersion":3465}