{"stats":{"minecraft:broken":{"minecraft:stone_shovel":1},"minecraft:killed":{"minecraft:zombie_villager":6,"minecraft:spider":2,"minecraft:creeper":2,"minecraft:sheep":6,"minecraft:skeleton":3,"minecraft:zombie":4,"minecraft:ghast":1,"minecraft:cow":13},"minecraft:killed_by":{"minecraft:skeleton":3,"minecraft:creeper":1},"minecraft:crafted":{"minecraft:cooked_beef":8,"minecraft:oak_planks":64,"minecraft:stone_shovel":1,"minecraft:crafting_table":4,"minecraft:wooden_pickaxe":1,"minecraft:furnace":2,"minecraft:stone_axe":1,"minecraft:cooked_mutton":9,"minecraft:air":0,"minecraft:stick":8,"minecraft:stone_pickaxe":1,"minecraft:chest":1,"minecraft:smoker":1},"minecraft:mined":{"minecraft:smithing_table":1,"minecraft:tuff":1,"minecraft:redstone_block":2,"minecraft:white_bed":2,"minecraft:mossy_cobblestone":3,"minecraft:deepslate_diamond_ore":2,"minecraft:smoker":1,"minecraft:cobblestone_stairs":3,"minecraft:brewing_stand":1,"minecraft:oak_fence":2,"minecraft:crafting_table":2,"minecraft:spruce_fence":1,"minecraft:oak_wood":4,"minecraft:blast_furnace":2,"minecraft:grass_block":48,"minecraft:lectern":1,"minecraft:spruce_wall_sign":1,"minecraft:copper_ore":2,"minecraft:tall_grass":4,"minecraft:cobblestone":4,"minecraft:slime_block":1,"minecraft:diorite":1,"minecraft:cauldron":1,"minecraft:iron_ore":12,"minecraft:cobbled_deepslate":1,"minecraft:grass":84,"minecraft:coal_ore":10,"minecraft:oak_log":16,"minecraft:deepslate_iron_ore":16,"minecraft:dirt_path":18,"minecraft:dirt":94,"minecraft:stone":37,"minecraft:bone_block":4,"minecraft:deepslate":41,"minecraft:oak_leaves":4},"minecraft:custom":{"minecraft:interact_with_furnace":1,"minecraft:mob_kills":37,"minecraft:interact_with_crafting_table":12,"minecraft:time_since_death":14933,"minecraft:sleep_in_bed":3,"minecraft:time_since_rest":14958,"minecraft:sprint_one_cm":164175,"minecraft:damage_taken":2783,"minecraft:walk_one_cm":134272,"minecraft:drop":20,"minecraft:damage_dealt":6122,"minecraft:swim_one_cm":6228,"minecraft:player_kills":1,"minecraft:fly_one_cm":387885,"minecraft:open_chest":13,"minecraft:crouch_one_cm":6766,"minecraft:play_time":59655,"minecraft:deaths":4,"minecraft:sneak_time":2567,"minecraft:walk_under_water_one_cm":1049,"minecraft:jump":1614,"minecraft:walk_on_water_one_cm":6132,"minecraft:interact_with_smoker":5,"minecraft:total_world_time":59655,"minecraft:fall_one_cm":61828},"minecraft:dropped":{"minecraft:spruce_sign":2,"minecraft:bread":17,"minecraft:lapis_lazuli":8,"minecraft:rotten_flesh":2,"artifacts:whoopee_cushion":2,"minecraft:cooked_mutton":3,"minecraft:spruce_fence":1,"minecraft:stick":2,"minecraft:dirt":8,"minecraft:potato":6,"minecraft:spider_eye":1,"minecraft:iron_axe":1,"minecraft:raw_gold":6,"minecraft:dandelion":1},"minecraft:picked_up":{"minecraft:crafting_table":6,"minecraft:lilac":1,"minecraft:cooked_beef":6,"minecraft:redstone_block":2,"minecraft:glow_ink_sac":10,"minecraft:water_bucket":3,"minecraft:leather":14,"minecraft:smithing_table":1,"minecraft:smoker":1,"minecraft:potato":6,"minecraft:tuff":1,"minecraft:oak_log":16,"minecraft:brewing_stand":1,"minecraft:shield":1,"minecraft:gunpowder":5,"minecraft:cobblestone_stairs":3,"minecraft:lapis_lazuli":8,"minecraft:dirt":287,"minecraft:raw_copper":9,"minecraft:iron_axe":1,"minecraft:flint_and_steel":1,"minecraft:cooked_mutton":10,"minecraft:bone":10,"minecraft:bow":2,"minecraft:wheat_seeds":15,"minecraft:cobbled_deepslate":41,"minecraft:raw_gold":6,"artifacts:whoopee_cushion":1,"minecraft:iron_ingot":1,"minecraft:stone_pickaxe":3,"minecraft:beef":28,"minecraft:iron_pickaxe":1,"minecraft:lectern":1,"minecraft:chest":1,"minecraft:oak_planks":26,"minecraft:furnace":3,"minecraft:book":12,"minecraft:ghast_tear":1,"minecraft:raw_iron":77,"minecraft:stick":4,"minecraft:oak_fence":2,"minecraft:dandelion":1,"minecraft:spruce_fence":1,"minecraft:blast_furnace":2,"minecraft:diorite":1,"minecraft:white_bed":2,"minecraft:cauldron":1,"minecraft:leather_helmet":2,"minecraft:spider_eye":1,"minecraft:mossy_cobblestone":3,"minecraft:oak_wood":4,"minecraft:arrow":8,"minecraft:rotten_flesh":10,"minecraft:diamond":2,"minecraft:stone_axe":3,"minecraft:spruce_sign":2,"minecraft:gray_wool":1,"minecraft:bread":38,"minecraft:oak_sapling":3,"minecraft:bone_block":4,"minecraft:black_wool":1,"minecraft:mutton":11,"minecraft:coal":11,"minecraft:white_wool":5,"minecraft:cobblestone":38},"minecraft:used":{"minecraft:cooked_mutton":4,"minecraft:water_bucket":9,"minecraft:stone_shovel":151,"minecraft:stone_pickaxe":121,"minecraft:oak_planks":16,"minecraft:ender_pearl":1,"minecraft:chest":1,"minecraft:wooden_pickaxe":3,"minecraft:iron_sword":34,"minecraft:white_wool":1,"minecraft:dirt":45,"minecraft:crafting_table":5,"minecraft:white_bed":1,"minecraft:tuff":1,"minecraft:smoker":1,"minecraft:lava_bucket":15,"minecraft:apple":1,"minecraft:iron_axe":2,"minecraft:bread":21,"minecraft:iron_pickaxe":64,"minecraft:leather_helmet":1,"minecraft:stone_axe":76,"minecraft:cobblestone":23,"minecraft:furnace":1,"minecraft:bucket":24,"minecraft:cobbled_deepslate":33,"minecraft:cooked_beef":5}},"DataVersion":3465}