{"stats":{"minecraft:broken":{"minecraft:stone_shovel":1},"minecraft:killed":{"minecraft:spider":5,"minecraft:skeleton":3,"minecraft:zombie_villager":6,"minecraft:creeper":2,"minecraft:sheep":9,"minecraft:zombie":5,"minecraft:ghast":1,"minecraft:cow":22},"minecraft:killed_by":{"minecraft:creeper":1,"minecraft:skeleton":3},"minecraft:crafted":{"minecraft:oak_planks":64,"minecraft:stone_shovel":1,"minecraft:birch_boat":1,"minecraft:furnace":2,"minecraft:cooked_mutton":9,"minecraft:iron_axe":1,"minecraft:stone_pickaxe":1,"minecraft:chest":2,"minecraft:smoker":1,"minecraft:cooked_beef":8,"sophisticatedbackpacks:backpack":1,"minecraft:crafting_table":6,"minecraft:wooden_pickaxe":1,"minecraft:birch_planks":28,"minecraft:stone_axe":1,"minecraft:air":0,"minecraft:stick":12},"minecraft:mined":{"minecraft:tuff":1,"minecraft:white_bed":2,"minecraft:mossy_cobblestone":3,"minecraft:deepslate_diamond_ore":2,"minecraft:cobblestone_stairs":3,"minecraft:brewing_stand":1,"minecraft:grass_block":48,"minecraft:spruce_fence":1,"minecraft:furnace":1,"minecraft:iron_ore":12,"minecraft:fire":1,"minecraft:cobbled_deepslate":1,"minecraft:fletching_table":1,"minecraft:dirt_path":18,"minecraft:deepslate_iron_ore":16,"minecraft:stone":37,"minecraft:bone_block":4,"minecraft:smithing_table":1,"minecraft:redstone_block":2,"minecraft:smoker":1,"minecraft:oak_fence":2,"minecraft:crafting_table":3,"minecraft:blast_furnace":3,"minecraft:oak_wood":4,"minecraft:lectern":1,"minecraft:spruce_wall_sign":1,"minecraft:cobblestone":4,"minecraft:tall_grass":4,"minecraft:copper_ore":2,"minecraft:slime_block":1,"minecraft:diorite":1,"minecraft:cauldron":1,"minecraft:birch_log":7,"minecraft:grass":85,"minecraft:oak_log":16,"minecraft:coal_ore":10,"minecraft:dirt":94,"minecraft:oak_leaves":4,"minecraft:deepslate":41},"minecraft:custom":{"minecraft:mob_kills":55,"minecraft:interact_with_crafting_table":14,"minecraft:open_barrel":2,"minecraft:time_since_death":26933,"minecraft:climb_one_cm":2060,"minecraft:sprint_one_cm":209051,"minecraft:walk_one_cm":148289,"minecraft:drop":22,"minecraft:play_time":71655,"minecraft:deaths":4,"minecraft:sneak_time":2616,"minecraft:walk_under_water_one_cm":2576,"minecraft:boat_one_cm":122130,"minecraft:jump":1929,"minecraft:walk_on_water_one_cm":7748,"minecraft:total_world_time":71655,"minecraft:interact_with_furnace":1,"minecraft:sleep_in_bed":3,"minecraft:time_since_rest":26958,"minecraft:damage_taken":3102,"minecraft:damage_dealt":7738,"minecraft:swim_one_cm":12257,"minecraft:fly_one_cm":466809,"minecraft:player_kills":1,"minecraft:open_chest":20,"minecraft:crouch_one_cm":6939,"minecraft:interact_with_smoker":5,"minecraft:fall_one_cm":69124},"minecraft:dropped":{"minecraft:spruce_sign":2,"minecraft:bread":17,"minecraft:lapis_lazuli":8,"artifacts:whoopee_cushion":2,"minecraft:leather_helmet":1,"minecraft:golden_apple":1,"minecraft:stick":2,"minecraft:dirt":8,"minecraft:iron_axe":1,"minecraft:dandelion":1,"minecraft:rotten_flesh":2,"minecraft:cooked_mutton":3,"minecraft:spruce_fence":1,"minecraft:potato":6,"minecraft:spider_eye":1,"minecraft:raw_gold":6},"minecraft:picked_up":{"minecraft:crafting_table":7,"minecraft:redstone_block":2,"minecraft:smithing_table":1,"minecraft:brewing_stand":1,"minecraft:shield":1,"minecraft:string":5,"minecraft:raw_copper":9,"minecraft:iron_axe":1,"minecraft:flint_and_steel":1,"minecraft:cobbled_deepslate":41,"minecraft:beef":28,"minecraft:iron_pickaxe":1,"minecraft:lectern":1,"minecraft:chest":1,"minecraft:furnace":4,"minecraft:stick":4,"minecraft:raw_iron":77,"minecraft:oak_fence":2,"minecraft:spruce_fence":1,"minecraft:diorite":1,"minecraft:cauldron":1,"minecraft:arrow":8,"minecraft:rotten_flesh":10,"minecraft:mutton":11,"minecraft:cobblestone":38,"minecraft:white_wool":8,"minecraft:bone_block":4,"minecraft:birch_log":7,"minecraft:cooked_beef":28,"minecraft:lilac":1,"minecraft:glow_ink_sac":10,"minecraft:water_bucket":3,"minecraft:leather":21,"minecraft:smoker":1,"minecraft:potato":6,"minecraft:tuff":1,"minecraft:oak_log":16,"minecraft:gunpowder":5,"minecraft:cobblestone_stairs":3,"minecraft:lapis_lazuli":8,"minecraft:dirt":287,"minecraft:cooked_mutton":15,"minecraft:bone":10,"minecraft:bow":2,"minecraft:wheat_seeds":15,"minecraft:raw_gold":6,"minecraft:iron_ingot":1,"artifacts:whoopee_cushion":1,"minecraft:stone_pickaxe":3,"minecraft:fletching_table":1,"minecraft:oak_planks":26,"minecraft:book":12,"minecraft:ghast_tear":1,"minecraft:birch_boat":1,"minecraft:dandelion":1,"minecraft:blast_furnace":3,"minecraft:white_bed":2,"minecraft:mossy_cobblestone":3,"minecraft:spider_eye":1,"minecraft:leather_helmet":2,"minecraft:oak_wood":4,"minecraft:diamond":2,"minecraft:stone_axe":3,"minecraft:gray_wool":1,"minecraft:spruce_sign":2,"minecraft:bread":38,"minecraft:oak_sapling":3,"minecraft:black_wool":1,"minecraft:coal":11},"minecraft:used":{"minecraft:stone_shovel":151,"minecraft:chest":1,"minecraft:iron_sword":70,"minecraft:dirt":45,"minecraft:tuff":1,"minecraft:lava_bucket":15,"minecraft:iron_axe":7,"minecraft:beef":2,"minecraft:furnace":1,"minecraft:cooked_beef":10,"minecraft:cobbled_deepslate":33,"minecraft:cooked_mutton":4,"minecraft:water_bucket":9,"minecraft:stone_pickaxe":121,"minecraft:oak_planks":16,"minecraft:ender_pearl":1,"minecraft:birch_boat":2,"minecraft:wooden_pickaxe":3,"minecraft:white_wool":1,"minecraft:crafting_table":7,"minecraft:white_bed":1,"minecraft:smoker":1,"minecraft:apple":1,"minecraft:bread":21,"minecraft:iron_pickaxe":66,"minecraft:leather_helmet":1,"minecraft:golden_helmet":1,"minecraft:stone_axe":76,"minecraft:cobblestone":23,"minecraft:bucket":24}},"DataVersion":3465}