{"stats":{"minecraft:killed":{"minecraft:sheep":6,"minecraft:skeleton":1,"minecraft:creeper":1,"minecraft:cow":4},"minecraft:mined":{"minecraft:brewing_stand":1,"minecraft:crafting_table":1,"minecraft:grass":21,"minecraft:blast_furnace":1,"minecraft:oak_log":12,"minecraft:coal_ore":10,"minecraft:dirt_path":7,"minecraft:copper_ore":2,"minecraft:stone":28,"minecraft:oak_leaves":1},"minecraft:crafted":{"minecraft:oak_planks":32,"minecraft:stone_shovel":1,"minecraft:crafting_table":3,"minecraft:stick":8,"minecraft:wooden_pickaxe":1,"minecraft:stone_pickaxe":1,"minecraft:furnace":1,"minecraft:stone_axe":1,"minecraft:air":0,"minecraft:cooked_mutton":9,"minecraft:smoker":1},"minecraft:dropped":{"minecraft:rotten_flesh":1,"artifacts:whoopee_cushion":1},"minecraft:custom":{"minecraft:time_since_rest":5745,"minecraft:sprint_one_cm":36601,"minecraft:damage_taken":46,"minecraft:walk_one_cm":22416,"minecraft:mob_kills":12,"minecraft:drop":2,"minecraft:damage_dealt":1220,"minecraft:interact_with_crafting_table":9,"minecraft:fly_one_cm":72580,"minecraft:open_chest":2,"minecraft:crouch_one_cm":85,"minecraft:play_time":11655,"minecraft:sneak_time":48,"minecraft:jump":267,"minecraft:time_since_death":11655,"minecraft:walk_on_water_one_cm":1027,"minecraft:sleep_in_bed":1,"minecraft:total_world_time":11655,"minecraft:interact_with_smoker":4,"minecraft:fall_one_cm":8789},"minecraft:picked_up":{"minecraft:crafting_table":1,"minecraft:leather":6,"minecraft:oak_log":12,"minecraft:brewing_stand":1,"minecraft:blast_furnace":1,"minecraft:gunpowder":1,"minecraft:dirt":6,"minecraft:raw_copper":9,"minecraft:bone":1,"minecraft:arrow":2,"minecraft:rotten_flesh":1,"minecraft:bow":1,"minecraft:wheat_seeds":2,"minecraft:beef":8,"minecraft:gray_wool":1,"minecraft:oak_sapling":3,"minecraft:black_wool":1,"minecraft:mutton":9,"minecraft:coal":10,"minecraft:cobblestone":28,"minecraft:white_wool":4},"minecraft:used":{"minecraft:cooked_mutton":1,"minecraft:apple":1,"minecraft:stone_shovel":27,"minecraft:stone_pickaxe":39,"minecraft:leather_helmet":1,"minecraft:wooden_pickaxe":3,"minecraft:stone_axe":23,"minecraft:crafting_table":3,"minecraft:smoker":1}},"DataVersion":3465}