{"stats":{"minecraft:broken":{"minecraft:stone_shovel":1},"minecraft:killed":{"minecraft:spider":5,"minecraft:skeleton":3,"minecraft:zombie_villager":6,"minecraft:creeper":2,"minecraft:sheep":9,"minecraft:zombie":5,"minecraft:ghast":1,"minecraft:cow":22},"minecraft:killed_by":{"minecraft:creeper":1,"minecraft:skeleton":3},"minecraft:crafted":{"minecraft:oak_planks":64,"minecraft:stone_shovel":1,"minecraft:birch_boat":1,"minecraft:furnace":2,"minecraft:cooked_mutton":9,"minecraft:iron_axe":1,"minecraft:stone_pickaxe":1,"minecraft:chest":2,"minecraft:smoker":1,"sophisticatedbackpacks:iron_backpack":1,"minecraft:cooked_beef":8,"sophisticatedbackpacks:backpack":1,"minecraft:crafting_table":6,"minecraft:wooden_pickaxe":1,"minecraft:birch_planks":28,"minecraft:stone_axe":1,"minecraft:air":0,"minecraft:stick":12,"minecraft:iron_ingot":3},"minecraft:mined":{"minecraft:tuff":1,"minecraft:white_bed":2,"minecraft:mossy_cobblestone":3,"minecraft:deepslate_diamond_ore":2,"minecraft:cobblestone_stairs":3,"minecraft:brewing_stand":1,"minecraft:grass_block":56,"minecraft:spruce_fence":1,"minecraft:furnace":1,"minecraft:iron_ore":12,"minecraft:cobbled_deepslate":1,"minecraft:fire":1,"minecraft:fletching_table":1,"minecraft:bookshelf":6,"minecraft:deepslate_iron_ore":16,"minecraft:dirt_path":18,"minecraft:stone":37,"minecraft:bone_block":4,"minecraft:smithing_table":1,"minecraft:redstone_block":2,"minecraft:smoker":1,"minecraft:oak_fence":2,"minecraft:crafting_table":3,"minecraft:blast_furnace":3,"minecraft:oak_wood":4,"minecraft:lectern":1,"minecraft:spruce_wall_sign":1,"minecraft:tall_grass":14,"minecraft:copper_ore":2,"minecraft:cobblestone":4,"minecraft:slime_block":1,"minecraft:diorite":1,"minecraft:cauldron":1,"minecraft:birch_log":7,"minecraft:birch_leaves":1,"minecraft:grass":89,"minecraft:oak_log":16,"minecraft:coal_ore":10,"minecraft:gravel":22,"minecraft:sand":3,"minecraft:dirt":96,"minecraft:mossy_stone_bricks":1,"minecraft:oak_leaves":4,"minecraft:deepslate":41,"minecraft:suspicious_gravel":7},"minecraft:custom":{"minecraft:mob_kills":55,"minecraft:interact_with_crafting_table":15,"minecraft:open_barrel":4,"minecraft:leave_game":7,"minecraft:time_since_death":2940,"minecraft:climb_one_cm":2098,"minecraft:sprint_one_cm":279016,"minecraft:walk_one_cm":164659,"minecraft:drop":34,"minecraft:play_time":98733,"minecraft:sneak_time":2687,"minecraft:deaths":5,"minecraft:walk_under_water_one_cm":9558,"minecraft:boat_one_cm":476865,"minecraft:jump":2604,"minecraft:walk_on_water_one_cm":8754,"minecraft:total_world_time":98733,"minecraft:interact_with_furnace":2,"minecraft:sleep_in_bed":3,"minecraft:time_since_rest":2969,"minecraft:damage_taken":3800,"minecraft:trigger_trapped_chest":1,"minecraft:damage_dealt":7747,"minecraft:player_kills":1,"minecraft:swim_one_cm":40671,"minecraft:fly_one_cm":665764,"minecraft:open_chest":35,"minecraft:crouch_one_cm":6942,"minecraft:interact_with_smoker":5,"minecraft:fall_one_cm":94140},"minecraft:dropped":{"minecraft:spruce_sign":2,"minecraft:bread":17,"minecraft:wheat_seeds":1,"minecraft:lapis_lazuli":8,"artifacts:whoopee_cushion":2,"minecraft:chainmail_helmet":1,"minecraft:leather_helmet":1,"minecraft:golden_apple":1,"minecraft:stick":2,"minecraft:flint":1,"minecraft:dirt":18,"minecraft:iron_axe":1,"minecraft:sand":2,"minecraft:dandelion":1,"minecraft:gravel":15,"minecraft:sugar_cane":8,"minecraft:rotten_flesh":2,"minecraft:enchanted_golden_apple":1,"minecraft:cooked_mutton":3,"minecraft:spruce_fence":1,"minecraft:filled_map":1,"minecraft:potato":6,"minecraft:mossy_stone_bricks":1,"minecraft:spider_eye":1,"minecraft:iron_ore":10,"minecraft:raw_gold":6},"minecraft:picked_up":{"minecraft:crafting_table":7,"minecraft:redstone_block":2,"minecraft:smithing_table":1,"minecraft:brewing_stand":1,"minecraft:shield":2,"minecraft:string":6,"minecraft:raw_copper":9,"minecraft:iron_axe":1,"minecraft:flint_and_steel":1,"minecraft:gold_nugget":25,"minecraft:cobbled_deepslate":41,"minecraft:beef":28,"minecraft:iron_pickaxe":1,"minecraft:lectern":1,"minecraft:chest":1,"minecraft:furnace":4,"minecraft:egg":3,"minecraft:stick":4,"minecraft:raw_iron":77,"minecraft:oak_fence":2,"minecraft:spruce_fence":1,"minecraft:stone_button":4,"minecraft:diorite":1,"minecraft:redstone":2,"minecraft:cauldron":1,"minecraft:arrow":8,"minecraft:rotten_flesh":11,"minecraft:mutton":11,"minecraft:cobblestone":38,"minecraft:bone_block":4,"minecraft:white_wool":8,"minecraft:birch_log":7,"minecraft:cooked_beef":28,"minecraft:lilac":1,"minecraft:glow_ink_sac":10,"minecraft:water_bucket":3,"minecraft:leather":21,"minecraft:smoker":1,"minecraft:potato":6,"minecraft:flint":1,"minecraft:tuff":1,"minecraft:oak_log":16,"minecraft:gunpowder":5,"minecraft:cobblestone_stairs":3,"minecraft:lapis_lazuli":8,"minecraft:dirt":297,"minecraft:cooked_mutton":15,"minecraft:bone":11,"minecraft:bow":2,"minecraft:wheat_seeds":16,"minecraft:raw_gold":6,"artifacts:whoopee_cushion":1,"minecraft:iron_ingot":1,"minecraft:stone_pickaxe":3,"minecraft:iron_ore":10,"minecraft:mossy_stone_bricks":1,"minecraft:fletching_table":1,"minecraft:iron_sword":1,"minecraft:oak_planks":26,"minecraft:book":30,"minecraft:ghast_tear":1,"minecraft:birch_boat":6,"minecraft:dandelion":1,"minecraft:gravel":21,"minecraft:sand":3,"minecraft:blast_furnace":3,"minecraft:white_bed":2,"minecraft:trapped_chest":1,"minecraft:spider_eye":1,"minecraft:leather_helmet":2,"minecraft:mossy_cobblestone":3,"minecraft:oak_wood":4,"minecraft:diamond":2,"minecraft:stone_axe":3,"minecraft:gray_wool":1,"minecraft:spruce_sign":2,"minecraft:bread":39,"minecraft:oak_sapling":3,"minecraft:black_wool":1,"minecraft:coal":15},"minecraft:used":{"minecraft:iron_shovel":42,"minecraft:stone_shovel":151,"minecraft:chest":1,"minecraft:iron_sword":71,"minecraft:dirt":45,"minecraft:tuff":1,"minecraft:lava_bucket":15,"minecraft:iron_axe":13,"minecraft:beef":2,"minecraft:furnace":1,"minecraft:egg":3,"minecraft:cooked_beef":13,"minecraft:cobbled_deepslate":33,"minecraft:cooked_mutton":4,"minecraft:water_bucket":13,"minecraft:stone_pickaxe":121,"minecraft:oak_planks":16,"minecraft:ender_pearl":1,"minecraft:wooden_pickaxe":3,"minecraft:birch_boat":6,"minecraft:white_wool":1,"minecraft:crafting_table":7,"minecraft:white_bed":1,"minecraft:smoker":1,"minecraft:apple":1,"minecraft:bread":21,"minecraft:iron_pickaxe":67,"minecraft:leather_helmet":1,"minecraft:golden_helmet":1,"minecraft:stone_axe":76,"minecraft:cobblestone":23,"minecraft:bucket":29}},"DataVersion":3465}