{"stats":{"minecraft:killed_by":{"minecraft:player":1,"minecraft:wither_skeleton":1,"minecraft:skeleton":1,"minecraft:blaze":2},"minecraft:broken":{"minecraft:stone_pickaxe":1,"minecraft:shield":1},"minecraft:used":{"minecraft:moss_block":3,"minecraft:moss_carpet":6,"minecraft:flint_and_steel":1,"minecraft:armor_stand":1,"minecraft:redstone":19,"minecraft:chest":1,"minecraft:shield":40,"minecraft:iron_sword":160,"minecraft:stone":7,"minecraft:netherrack":11,"minecraft:iron_chestplate":3,"minecraft:dirt":3,"minecraft:twisting_vines":1,"minecraft:carrot":1,"minecraft:axolotl_bucket":4,"minecraft:lava_bucket":10,"minecraft:iron_helmet":3,"minecraft:iron_boots":2,"minecraft:smooth_basalt":1,"minecraft:repeater":2,"minecraft:bamboo":3,"minecraft:bedrock":46,"minecraft:deepslate_diamond_ore":3,"minecraft:redstone_lamp":6,"minecraft:beef":18,"minecraft:furnace":1,"minecraft:egg":3,"minecraft:cooked_beef":12,"minecraft:iron_leggings":2,"minecraft:calcite":2,"minecraft:cooked_mutton":10,"minecraft:acacia_boat":3,"minecraft:water_bucket":4,"minecraft:amethyst_block":4,"minecraft:stone_pickaxe":262,"minecraft:wooden_pickaxe":13,"minecraft:leather_chestplate":2,"minecraft:redstone_block":1,"minecraft:leather_boots":1,"minecraft:glow_berries":2,"minecraft:sand":10,"minecraft:crafting_table":5,"minecraft:white_bed":2,"minecraft:redstone_torch":4,"minecraft:mud":5,"minecraft:lever":29,"minecraft:command_block":16,"minecraft:melon_slice":2,"minecraft:iron_pickaxe":59,"minecraft:suspicious_stew":1,"minecraft:deepslate":21,"minecraft:gravel":9,"minecraft:golden_helmet":1,"minecraft:stone_axe":71,"minecraft:cobblestone":153,"minecraft:chain_command_block":5,"minecraft:bucket":19,"minecraft:repeating_command_block":5},"minecraft:crafted":{"minecraft:furnace":1,"minecraft:cooked_mutton":10,"minecraft:flint_and_steel":1,"minecraft:iron_boots":2,"minecraft:stone_pickaxe":2,"minecraft:chest":1,"minecraft:golden_helmet":1,"minecraft:cooked_beef":6,"minecraft:cooked_porkchop":6,"minecraft:crafting_table":1,"minecraft:wooden_pickaxe":1,"minecraft:iron_helmet":1,"minecraft:bucket":1,"minecraft:stone_axe":3,"minecraft:bread":11,"minecraft:acacia_boat":2,"minecraft:air":0,"minecraft:iron_chestplate":2,"minecraft:shield":2,"minecraft:stick":16,"minecraft:iron_ingot":21,"minecraft:iron_pickaxe":1,"minecraft:iron_leggings":2,"minecraft:white_bed":1,"minecraft:acacia_planks":32},"minecraft:killed":{"minecraft:witch":1,"minecraft:spider":5,"minecraft:skeleton":9,"minecraft:creeper":1,"minecraft:sheep":3,"minecraft:zombie":10,"minecraft:wither_skeleton":1,"minecraft:player":1,"minecraft:enderman":3,"minecraft:blaze":12,"minecraft:cow":12},"minecraft:mined":{"minecraft:white_bed":2,"minecraft:dark_oak_leaves":1,"minecraft:granite":2,"minecraft:budding_amethyst":1,"minecraft:acacia_log":8,"minecraft:grass_block":4,"minecraft:decorated_pot":2,"minecraft:jungle_planks":2,"minecraft:moss_block":1,"minecraft:red_mushroom":1,"minecraft:spawner":2,"minecraft:sandstone":105,"minecraft:furnace":1,"minecraft:iron_ore":20,"minecraft:fire":11,"minecraft:pumpkin":2,"minecraft:twisting_vines":6,"minecraft:deepslate_iron_ore":2,"minecraft:bamboo":3,"minecraft:stone":131,"minecraft:polished_granite_stairs":1,"minecraft:bone_block":5,"minecraft:brown_mushroom":1,"minecraft:twisting_vines_plant":7,"minecraft:soul_fire":7,"minecraft:oak_fence":3,"minecraft:crafting_table":4,"minecraft:jungle_stairs":1,"minecraft:calcite":2,"minecraft:melon":5,"minecraft:warped_roots":3,"minecraft:copper_ore":1,"minecraft:tall_grass":6,"minecraft:cobblestone":14,"minecraft:oak_planks":6,"minecraft:sugar_cane":1,"minecraft:amethyst_block":4,"minecraft:warped_nylium":4,"minecraft:sweet_berry_bush":2,"minecraft:grass":8,"minecraft:coal_ore":17,"minecraft:cocoa":4,"minecraft:gravel":13,"minecraft:dirt":13,"minecraft:sand":15,"minecraft:cobweb":5,"minecraft:smooth_basalt":1,"minecraft:netherrack":10,"minecraft:fern":1},"minecraft:dropped":{"minecraft:moss_block":4,"minecraft:brown_mushroom":1,"minecraft:shelter_pottery_sherd":1,"minecraft:oak_log":21,"minecraft:cooked_porkchop":6,"minecraft:oak_fence":5,"minecraft:warped_roots":3,"minecraft:amethyst_block":4,"minecraft:command_block":2,"minecraft:bedrock":3,"minecraft:rail":4,"minecraft:coal":1,"minecraft:flint":2,"minecraft:stick":3,"minecraft:emerald":12,"minecraft:dark_oak_log":15,"minecraft:repeater":1,"minecraft:mutton":4,"minecraft:sand":6,"minecraft:string":8,"minecraft:danger_pottery_sherd":1,"minecraft:smooth_basalt":1,"minecraft:redstone":5,"minecraft:gravel":22,"minecraft:stone_axe":1,"minecraft:raw_copper":4,"minecraft:bowl":1,"minecraft:twisting_vines":6,"minecraft:deepslate":1,"minecraft:rotten_flesh":1,"minecraft:clay_ball":12,"minecraft:oak_planks":4,"minecraft:filled_map":1,"minecraft:big_dripleaf":2,"minecraft:shield":1,"minecraft:oak_sapling":1,"minecraft:redstone_torch":1,"minecraft:sandstone":100,"minecraft:stone_pickaxe":1,"minecraft:wooden_pickaxe":3,"minecraft:chain_command_block":1,"minecraft:calcite":5,"minecraft:egg":1},"minecraft:custom":{"minecraft:mob_kills":57,"minecraft:interact_with_crafting_table":27,"minecraft:leave_game":4,"minecraft:time_since_death":3955,"minecraft:climb_one_cm":3763,"minecraft:sprint_one_cm":313123,"minecraft:walk_one_cm":239359,"minecraft:damage_blocked_by_shield":2385,"minecraft:drop":83,"minecraft:play_time":175506,"minecraft:sneak_time":4327,"minecraft:deaths":13,"minecraft:walk_under_water_one_cm":8173,"minecraft:boat_one_cm":77990,"minecraft:jump":2933,"minecraft:walk_on_water_one_cm":13776,"minecraft:total_world_time":175506,"minecraft:interact_with_furnace":19,"minecraft:sleep_in_bed":2,"minecraft:time_since_rest":3985,"minecraft:damage_taken":3533,"minecraft:damage_dealt":10226,"minecraft:player_kills":1,"minecraft:swim_one_cm":55607,"minecraft:fly_one_cm":624946,"minecraft:open_chest":39,"minecraft:crouch_one_cm":8654,"minecraft:fall_one_cm":85462},"minecraft:picked_up":{"minecraft:iron_chestplate":7,"minecraft:mud":1,"minecraft:cocoa_beans":8,"minecraft:shelter_pottery_sherd":1,"minecraft:crafting_table":4,"minecraft:clay_ball":20,"minecraft:redstone_lamp":3,"minecraft:brown_mushroom":3,"minecraft:wooden_pickaxe":2,"minecraft:brick":3,"minecraft:shield":1,"minecraft:amethyst_block":8,"minecraft:string":16,"minecraft:moss_carpet":7,"minecraft:raw_copper":5,"minecraft:iron_axe":7,"minecraft:iron_leggings":7,"minecraft:beef":24,"minecraft:redstone_torch":1,"minecraft:calcite":7,"minecraft:iron_nugget":15,"minecraft:iron_pickaxe":8,"minecraft:melon_slice":24,"minecraft:sugar_cane":4,"minecraft:furnace":2,"minecraft:iron_boots":7,"minecraft:egg":4,"minecraft:stick":1,"minecraft:raw_iron":39,"minecraft:sandstone":100,"minecraft:oak_door":1,"minecraft:big_dripleaf":2,"minecraft:oak_fence":5,"minecraft:torch":42,"minecraft:acacia_log":8,"minecraft:porkchop":6,"minecraft:carrot":1,"minecraft:redstone":5,"minecraft:tnt":3,"minecraft:arrow":13,"minecraft:repeating_command_block":3,"minecraft:stone_shovel":6,"minecraft:command_block":6,"minecraft:rotten_flesh":11,"minecraft:gold_ingot":10,"minecraft:blaze_rod":70,"minecraft:glow_berries":3,"minecraft:mutton":15,"minecraft:bone_block":5,"minecraft:rail":4,"minecraft:white_wool":4,"minecraft:cobblestone":618,"minecraft:leather_chestplate":2,"minecraft:cooked_beef":18,"minecraft:repeater":1,"minecraft:salmon":4,"minecraft:leather":14,"minecraft:red_mushroom":2,"minecraft:birch_planks":14,"minecraft:bedrock":6,"minecraft:flint":3,"minecraft:oak_log":21,"minecraft:danger_pottery_sherd":1,"minecraft:acacia_boat":3,"minecraft:lapis_lazuli":3,"minecraft:dirt":32,"minecraft:twisting_vines":7,"minecraft:cooked_mutton":8,"minecraft:bone":11,"minecraft:acacia_planks":10,"minecraft:heart_of_the_sea":1,"minecraft:iron_ingot":17,"minecraft:stone_pickaxe":3,"minecraft:glass_bottle":1,"minecraft:bamboo":66,"minecraft:moss_block":10,"minecraft:iron_sword":2,"minecraft:oak_planks":6,"minecraft:flowering_azalea":1,"minecraft:chain_command_block":1,"minecraft:smooth_basalt":2,"minecraft:cooked_porkchop":188,"minecraft:pumpkin":4,"minecraft:sweet_berries":5,"minecraft:gravel":31,"minecraft:sand":16,"minecraft:amethyst_shard":2,"minecraft:white_bed":2,"minecraft:dark_oak_log":15,"minecraft:spider_eye":1,"minecraft:deepslate":5,"minecraft:stone_axe":2,"minecraft:lever":10,"minecraft:iron_helmet":7,"minecraft:granite":1,"minecraft:emerald":12,"minecraft:warped_roots":3,"minecraft:oak_sapling":1,"minecraft:netherrack":12,"minecraft:coal":28,"minecraft:ender_pearl":2}},"DataVersion":3465}