{"stats":{"minecraft:broken":{"minecraft:stone_shovel":1},"minecraft:killed":{"minecraft:spider":1,"minecraft:creeper":1,"minecraft:sheep":6,"minecraft:skeleton":2,"minecraft:zombie":1,"minecraft:ghast":1,"minecraft:cow":4},"minecraft:mined":{"minecraft:white_bed":1,"minecraft:mossy_cobblestone":3,"minecraft:cobblestone_stairs":3,"minecraft:brewing_stand":1,"minecraft:oak_fence":2,"minecraft:crafting_table":2,"minecraft:blast_furnace":1,"minecraft:grass_block":48,"minecraft:copper_ore":2,"minecraft:tall_grass":4,"minecraft:cobblestone":4,"minecraft:diorite":1,"minecraft:iron_ore":12,"minecraft:grass":84,"minecraft:coal_ore":10,"minecraft:oak_log":16,"minecraft:deepslate_iron_ore":3,"minecraft:dirt_path":18,"minecraft:dirt":93,"minecraft:stone":37,"minecraft:bone_block":4,"minecraft:deepslate":8,"minecraft:oak_leaves":4},"minecraft:crafted":{"minecraft:cooked_beef":8,"minecraft:oak_planks":48,"minecraft:stone_shovel":1,"minecraft:crafting_table":4,"minecraft:wooden_pickaxe":1,"minecraft:furnace":2,"minecraft:stone_axe":1,"minecraft:cooked_mutton":9,"minecraft:air":0,"minecraft:stick":8,"minecraft:stone_pickaxe":1,"minecraft:chest":1,"minecraft:smoker":1},"minecraft:dropped":{"minecraft:rotten_flesh":1,"artifacts:whoopee_cushion":1,"minecraft:cooked_mutton":3,"minecraft:stick":2,"minecraft:dirt":8,"minecraft:spider_eye":1},"minecraft:custom":{"minecraft:mob_kills":16,"minecraft:interact_with_crafting_table":12,"minecraft:time_since_death":35655,"minecraft:sleep_in_bed":3,"minecraft:time_since_rest":4028,"minecraft:sprint_one_cm":89658,"minecraft:damage_taken":565,"minecraft:walk_one_cm":87743,"minecraft:drop":9,"minecraft:damage_dealt":2211,"minecraft:player_kills":1,"minecraft:fly_one_cm":203784,"minecraft:open_chest":5,"minecraft:crouch_one_cm":1117,"minecraft:play_time":35655,"minecraft:sneak_time":449,"minecraft:walk_under_water_one_cm":424,"minecraft:jump":810,"minecraft:walk_on_water_one_cm":1844,"minecraft:interact_with_smoker":5,"minecraft:total_world_time":35655,"minecraft:fall_one_cm":23250},"minecraft:picked_up":{"minecraft:crafting_table":1,"minecraft:water_bucket":1,"minecraft:leather":6,"minecraft:oak_log":16,"minecraft:brewing_stand":1,"minecraft:gunpowder":3,"minecraft:cobblestone_stairs":3,"minecraft:dirt":158,"minecraft:raw_copper":9,"minecraft:cooked_mutton":2,"minecraft:bone":1,"minecraft:bow":1,"minecraft:wheat_seeds":9,"minecraft:cobbled_deepslate":8,"minecraft:beef":8,"minecraft:ghast_tear":1,"minecraft:raw_iron":15,"minecraft:stick":2,"minecraft:oak_fence":2,"minecraft:blast_furnace":1,"minecraft:diorite":1,"minecraft:white_bed":1,"minecraft:spider_eye":1,"minecraft:mossy_cobblestone":3,"minecraft:arrow":2,"minecraft:rotten_flesh":1,"minecraft:gray_wool":1,"minecraft:oak_sapling":3,"minecraft:bone_block":4,"minecraft:black_wool":1,"minecraft:mutton":9,"minecraft:coal":10,"minecraft:white_wool":4,"minecraft:cobblestone":38},"minecraft:used":{"minecraft:cooked_mutton":4,"minecraft:water_bucket":8,"minecraft:stone_shovel":151,"minecraft:stone_pickaxe":100,"minecraft:chest":1,"minecraft:wooden_pickaxe":3,"minecraft:dirt":9,"minecraft:crafting_table":5,"minecraft:white_bed":1,"minecraft:smoker":1,"minecraft:lava_bucket":15,"minecraft:apple":1,"minecraft:leather_helmet":1,"minecraft:stone_axe":55,"minecraft:cobblestone":23,"minecraft:bucket":23,"minecraft:cooked_beef":4}},"DataVersion":3465}