{"stats":{"minecraft:broken":{"minecraft:stone_shovel":1},"minecraft:killed":{"minecraft:creeper":1,"minecraft:sheep":6,"minecraft:skeleton":1,"minecraft:ghast":1,"minecraft:cow":4},"minecraft:mined":{"minecraft:mossy_cobblestone":3,"minecraft:cobblestone_stairs":3,"minecraft:brewing_stand":1,"minecraft:oak_fence":2,"minecraft:crafting_table":1,"minecraft:blast_furnace":1,"minecraft:grass_block":48,"minecraft:copper_ore":2,"minecraft:tall_grass":1,"minecraft:cobblestone":4,"minecraft:diorite":1,"minecraft:grass":72,"minecraft:coal_ore":10,"minecraft:oak_log":12,"minecraft:dirt_path":18,"minecraft:dirt":93,"minecraft:stone":37,"minecraft:bone_block":4,"minecraft:oak_leaves":1},"minecraft:crafted":{"minecraft:cooked_beef":8,"minecraft:oak_planks":32,"minecraft:stone_shovel":1,"minecraft:crafting_table":3,"minecraft:wooden_pickaxe":1,"minecraft:furnace":1,"minecraft:stone_axe":1,"minecraft:cooked_mutton":9,"minecraft:air":0,"minecraft:stick":8,"minecraft:stone_pickaxe":1,"minecraft:chest":1,"minecraft:smoker":1},"minecraft:dropped":{"minecraft:rotten_flesh":1,"artifacts:whoopee_cushion":1,"minecraft:dirt":8},"minecraft:custom":{"minecraft:mob_kills":13,"minecraft:interact_with_crafting_table":10,"minecraft:time_since_death":23655,"minecraft:sleep_in_bed":1,"minecraft:time_since_rest":17745,"minecraft:sprint_one_cm":65434,"minecraft:damage_taken":205,"minecraft:walk_one_cm":61228,"minecraft:drop":4,"minecraft:damage_dealt":1295,"minecraft:fly_one_cm":146725,"minecraft:open_chest":4,"minecraft:crouch_one_cm":492,"minecraft:play_time":23655,"minecraft:sneak_time":179,"minecraft:walk_under_water_one_cm":424,"minecraft:jump":583,"minecraft:walk_on_water_one_cm":1523,"minecraft:interact_with_smoker":5,"minecraft:total_world_time":23655,"minecraft:fall_one_cm":16560},"minecraft:picked_up":{"minecraft:crafting_table":1,"minecraft:water_bucket":1,"minecraft:leather":6,"minecraft:oak_log":12,"minecraft:brewing_stand":1,"minecraft:gunpowder":3,"minecraft:cobblestone_stairs":3,"minecraft:dirt":158,"minecraft:raw_copper":9,"minecraft:bone":1,"minecraft:bow":1,"minecraft:wheat_seeds":7,"minecraft:beef":8,"minecraft:ghast_tear":1,"minecraft:oak_fence":2,"minecraft:blast_furnace":1,"minecraft:diorite":1,"minecraft:mossy_cobblestone":3,"minecraft:arrow":2,"minecraft:rotten_flesh":1,"minecraft:gray_wool":1,"minecraft:oak_sapling":3,"minecraft:bone_block":4,"minecraft:black_wool":1,"minecraft:mutton":9,"minecraft:coal":10,"minecraft:white_wool":4,"minecraft:cobblestone":38},"minecraft:used":{"minecraft:cooked_mutton":1,"minecraft:water_bucket":6,"minecraft:stone_shovel":151,"minecraft:stone_pickaxe":77,"minecraft:chest":1,"minecraft:wooden_pickaxe":3,"minecraft:dirt":9,"minecraft:crafting_table":4,"minecraft:smoker":1,"minecraft:lava_bucket":14,"minecraft:apple":1,"minecraft:leather_helmet":1,"minecraft:stone_axe":25,"minecraft:cobblestone":23,"minecraft:bucket":20,"minecraft:cooked_beef":2}},"DataVersion":3465}