{"stats":{"minecraft:broken":{"minecraft:stone_shovel":1},"minecraft:killed":{"minecraft:spider":2,"minecraft:creeper":2,"minecraft:sheep":6,"minecraft:skeleton":3,"minecraft:zombie":4,"minecraft:ghast":1,"minecraft:cow":4},"minecraft:killed_by":{"minecraft:skeleton":3,"minecraft:creeper":1},"minecraft:mined":{"minecraft:tuff":1,"minecraft:white_bed":1,"minecraft:mossy_cobblestone":3,"minecraft:deepslate_diamond_ore":1,"minecraft:cobblestone_stairs":3,"minecraft:brewing_stand":1,"minecraft:oak_fence":2,"minecraft:crafting_table":2,"minecraft:blast_furnace":1,"minecraft:grass_block":48,"minecraft:copper_ore":2,"minecraft:tall_grass":4,"minecraft:cobblestone":4,"minecraft:diorite":1,"minecraft:iron_ore":12,"minecraft:grass":84,"minecraft:coal_ore":10,"minecraft:oak_log":16,"minecraft:deepslate_iron_ore":16,"minecraft:dirt_path":18,"minecraft:dirt":94,"minecraft:stone":37,"minecraft:bone_block":4,"minecraft:deepslate":16,"minecraft:oak_leaves":4},"minecraft:crafted":{"minecraft:cooked_beef":8,"minecraft:oak_planks":48,"minecraft:stone_shovel":1,"minecraft:crafting_table":4,"minecraft:wooden_pickaxe":1,"minecraft:furnace":2,"minecraft:stone_axe":1,"minecraft:cooked_mutton":9,"minecraft:air":0,"minecraft:stick":8,"minecraft:stone_pickaxe":1,"minecraft:chest":1,"minecraft:smoker":1},"minecraft:custom":{"minecraft:interact_with_furnace":1,"minecraft:mob_kills":22,"minecraft:interact_with_crafting_table":12,"minecraft:time_since_death":2933,"minecraft:sleep_in_bed":3,"minecraft:time_since_rest":2958,"minecraft:sprint_one_cm":132428,"minecraft:damage_taken":2148,"minecraft:walk_one_cm":109511,"minecraft:drop":17,"minecraft:damage_dealt":3612,"minecraft:player_kills":1,"minecraft:fly_one_cm":318409,"minecraft:open_chest":6,"minecraft:crouch_one_cm":2333,"minecraft:play_time":47655,"minecraft:deaths":4,"minecraft:sneak_time":741,"minecraft:walk_under_water_one_cm":472,"minecraft:jump":1270,"minecraft:walk_on_water_one_cm":5411,"minecraft:interact_with_smoker":5,"minecraft:total_world_time":47655,"minecraft:fall_one_cm":50979},"minecraft:dropped":{"minecraft:bread":17,"minecraft:lapis_lazuli":8,"minecraft:rotten_flesh":2,"artifacts:whoopee_cushion":2,"minecraft:cooked_mutton":3,"minecraft:stick":2,"minecraft:dirt":8,"minecraft:potato":6,"minecraft:spider_eye":1,"minecraft:iron_axe":1,"minecraft:raw_gold":6,"minecraft:dandelion":1},"minecraft:picked_up":{"minecraft:crafting_table":6,"minecraft:lilac":1,"minecraft:cooked_beef":6,"minecraft:glow_ink_sac":10,"minecraft:water_bucket":3,"minecraft:leather":7,"minecraft:potato":6,"minecraft:tuff":1,"minecraft:oak_log":16,"minecraft:brewing_stand":1,"minecraft:shield":1,"minecraft:gunpowder":5,"minecraft:cobblestone_stairs":3,"minecraft:lapis_lazuli":8,"minecraft:dirt":287,"minecraft:raw_copper":9,"minecraft:iron_axe":1,"minecraft:flint_and_steel":1,"minecraft:cooked_mutton":10,"minecraft:bone":10,"minecraft:bow":2,"minecraft:wheat_seeds":15,"minecraft:cobbled_deepslate":14,"minecraft:raw_gold":6,"artifacts:whoopee_cushion":1,"minecraft:iron_ingot":1,"minecraft:stone_pickaxe":3,"minecraft:beef":8,"minecraft:iron_pickaxe":1,"minecraft:chest":1,"minecraft:oak_planks":26,"minecraft:furnace":3,"minecraft:book":12,"minecraft:ghast_tear":1,"minecraft:raw_iron":77,"minecraft:stick":4,"minecraft:oak_fence":2,"minecraft:dandelion":1,"minecraft:blast_furnace":1,"minecraft:diorite":1,"minecraft:white_bed":1,"minecraft:leather_helmet":2,"minecraft:spider_eye":1,"minecraft:mossy_cobblestone":3,"minecraft:arrow":8,"minecraft:rotten_flesh":3,"minecraft:diamond":1,"minecraft:stone_axe":3,"minecraft:gray_wool":1,"minecraft:bread":38,"minecraft:oak_sapling":3,"minecraft:bone_block":4,"minecraft:black_wool":1,"minecraft:mutton":11,"minecraft:coal":11,"minecraft:white_wool":5,"minecraft:cobblestone":38},"minecraft:used":{"minecraft:cooked_mutton":4,"minecraft:water_bucket":9,"minecraft:stone_shovel":151,"minecraft:stone_pickaxe":115,"minecraft:oak_planks":2,"minecraft:chest":1,"minecraft:wooden_pickaxe":3,"minecraft:white_wool":1,"minecraft:dirt":45,"minecraft:crafting_table":5,"minecraft:white_bed":1,"minecraft:smoker":1,"minecraft:lava_bucket":15,"minecraft:apple":1,"minecraft:iron_axe":2,"minecraft:bread":7,"minecraft:iron_pickaxe":10,"minecraft:leather_helmet":1,"minecraft:stone_axe":76,"minecraft:cobblestone":23,"minecraft:furnace":1,"minecraft:bucket":24,"minecraft:cobbled_deepslate":3,"minecraft:cooked_beef":5}},"DataVersion":3465}